origin,region,lat,lon,year,month,t2m,tmin,tmax,precip_mm_day
Argentina,Tucuman/Concordia,-31.4,-58.0,2020,1,25.12,13.64,35.73,4.01
Argentina,Tucuman/Concordia,-31.4,-58.0,2020,2,25.02,10.97,37.65,3.61
Argentina,Tucuman/Concordia,-31.4,-58.0,2020,3,25.84,14.13,40.15,2.81
Argentina,Tucuman/Concordia,-31.4,-58.0,2020,4,19.12,7.43,35.38,4.18
Argentina,Tucuman/Concordia,-31.4,-58.0,2020,5,14.43,4.9,26.91,3.31
Argentina,Tucuman/Concordia,-31.4,-58.0,2020,6,12.74,0.95,24.71,5.82
Argentina,Tucuman/Concordia,-31.4,-58.0,2020,7,10.04,-2.68,25.95,0.34
Argentina,Tucuman/Concordia,-31.4,-58.0,2020,8,14.1,0.27,27.92,1.07
Argentina,Tucuman/Concordia,-31.4,-58.0,2020,9,14.76,3.81,29.23,3.39
Argentina,Tucuman/Concordia,-31.4,-58.0,2020,10,18.83,6.22,37.35,2.46
Argentina,Tucuman/Concordia,-31.4,-58.0,2020,11,23.64,10.86,41.13,2.81
Argentina,Tucuman/Concordia,-31.4,-58.0,2020,12,24.23,10.84,36.93,5.04
Argentina,Tucuman/Concordia,-31.4,-58.0,2021,1,26.9,14.07,38.48,3.48
Argentina,Tucuman/Concordia,-31.4,-58.0,2021,2,24.49,13.93,34.96,3.78
Argentina,Tucuman/Concordia,-31.4,-58.0,2021,3,23.68,12.31,35.13,2.98
Argentina,Tucuman/Concordia,-31.4,-58.0,2021,4,20.52,9.0,32.82,3.86
Argentina,Tucuman/Concordia,-31.4,-58.0,2021,5,13.46,3.33,29.32,5.5
Argentina,Tucuman/Concordia,-31.4,-58.0,2021,6,11.44,-0.39,25.24,3.5
Argentina,Tucuman/Concordia,-31.4,-58.0,2021,7,11.39,-1.13,24.58,0.64
Argentina,Tucuman/Concordia,-31.4,-58.0,2021,8,13.63,0.94,29.89,0.52
Argentina,Tucuman/Concordia,-31.4,-58.0,2021,9,16.99,4.14,31.66,3.04
Argentina,Tucuman/Concordia,-31.4,-58.0,2021,10,19.3,5.56,35.51,2.43
Argentina,Tucuman/Concordia,-31.4,-58.0,2021,11,23.53,9.1,38.67,2.4
Argentina,Tucuman/Concordia,-31.4,-58.0,2021,12,27.64,13.7,41.48,0.53
Argentina,Tucuman/Concordia,-31.4,-58.0,2022,1,28.86,15.63,43.1,4.38
Argentina,Tucuman/Concordia,-31.4,-58.0,2022,2,25.22,12.62,39.18,5.31
Argentina,Tucuman/Concordia,-31.4,-58.0,2022,3,20.4,4.9,34.58,8.09
Argentina,Tucuman/Concordia,-31.4,-58.0,2022,4,17.56,4.74,27.5,5.57
Argentina,Tucuman/Concordia,-31.4,-58.0,2022,5,12.77,0.9,23.56,2.51
Argentina,Tucuman/Concordia,-31.4,-58.0,2022,6,9.21,-1.82,20.13,0.96
Argentina,Tucuman/Concordia,-31.4,-58.0,2022,7,13.55,1.46,26.8,1.46
Argentina,Tucuman/Concordia,-31.4,-58.0,2022,8,12.05,0.19,25.57,3.93
Argentina,Tucuman/Concordia,-31.4,-58.0,2022,9,14.06,2.17,26.48,2.27
Argentina,Tucuman/Concordia,-31.4,-58.0,2022,10,17.51,4.6,33.32,4.21
Argentina,Tucuman/Concordia,-31.4,-58.0,2022,11,23.33,6.74,37.52,1.03
Argentina,Tucuman/Concordia,-31.4,-58.0,2022,12,27.56,14.78,43.49,1.04
Argentina,Tucuman/Concordia,-31.4,-58.0,2023,1,29.72,16.54,41.15,1.37
Argentina,Tucuman/Concordia,-31.4,-58.0,2023,2,27.07,8.9,42.0,2.14
Argentina,Tucuman/Concordia,-31.4,-58.0,2023,3,27.08,13.06,39.78,6.2
Argentina,Tucuman/Concordia,-31.4,-58.0,2023,4,18.45,7.58,31.33,1.42
Argentina,Tucuman/Concordia,-31.4,-58.0,2023,5,16.41,4.02,27.32,1.55
Argentina,Tucuman/Concordia,-31.4,-58.0,2023,6,14.15,0.1,26.72,0.78
Argentina,Tucuman/Concordia,-31.4,-58.0,2023,7,13.37,0.56,27.56,1.84
Argentina,Tucuman/Concordia,-31.4,-58.0,2023,8,15.26,2.55,31.3,0.62
Argentina,Tucuman/Concordia,-31.4,-58.0,2023,9,16.2,5.06,31.75,4.35
Argentina,Tucuman/Concordia,-31.4,-58.0,2023,10,19.1,4.99,32.15,3.16
Argentina,Tucuman/Concordia,-31.4,-58.0,2023,11,21.45,7.62,33.27,7.4
Argentina,Tucuman/Concordia,-31.4,-58.0,2023,12,23.93,13.43,37.5,9.07
Argentina,Tucuman/Concordia,-31.4,-58.0,2024,1,25.26,15.32,37.54,4.48
Argentina,Tucuman/Concordia,-31.4,-58.0,2024,2,28.77,13.39,40.81,1.75
Argentina,Tucuman/Concordia,-31.4,-58.0,2024,3,24.42,10.74,39.47,8.25
Argentina,Tucuman/Concordia,-31.4,-58.0,2024,4,19.33,8.13,29.69,6.91
Argentina,Tucuman/Concordia,-31.4,-58.0,2024,5,12.5,2.64,24.8,7.63
Argentina,Tucuman/Concordia,-31.4,-58.0,2024,6,14.87,0.28,26.92,0.53
Argentina,Tucuman/Concordia,-31.4,-58.0,2024,7,10.1,-2.96,24.69,0.17
Argentina,Tucuman/Concordia,-31.4,-58.0,2024,8,12.43,-0.34,26.98,2.14
Argentina,Tucuman/Concordia,-31.4,-58.0,2024,9,16.21,4.42,32.33,3.1
Argentina,Tucuman/Concordia,-31.4,-58.0,2024,10,20.36,6.29,33.78,3.66
Argentina,Tucuman/Concordia,-31.4,-58.0,2024,11,23.14,8.85,35.6,9.89
Argentina,Tucuman/Concordia,-31.4,-58.0,2024,12,22.65,10.22,35.45,2.26
Argentina,Tucuman/Concordia,-31.4,-58.0,2025,1,28.37,16.16,40.85,0.91
Argentina,Tucuman/Concordia,-31.4,-58.0,2025,2,29.28,16.59,43.46,6.61
Argentina,Tucuman/Concordia,-31.4,-58.0,2025,3,23.87,10.48,35.8,2.18
Argentina,Tucuman/Concordia,-31.4,-58.0,2025,4,18.48,7.88,29.45,2.03
Argentina,Tucuman/Concordia,-31.4,-58.0,2025,5,16.88,3.1,30.61,3.09
Argentina,Tucuman/Concordia,-31.4,-58.0,2025,6,9.83,-2.22,20.86,1.96
Argentina,Tucuman/Concordia,-31.4,-58.0,2025,7,11.39,-3.23,24.26,2.03
Argentina,Tucuman/Concordia,-31.4,-58.0,2025,8,13.0,1.6,28.22,2.74
Argentina,Tucuman/Concordia,-31.4,-58.0,2025,9,15.4,0.58,28.95,3.28
Argentina,Tucuman/Concordia,-31.4,-58.0,2025,10,19.86,7.01,33.11,1.62
Argentina,Tucuman/Concordia,-31.4,-58.0,2025,11,22.39,10.61,36.57,3.97
Argentina,Tucuman/Concordia,-31.4,-58.0,2025,12,26.56,13.36,38.79,5.11
Chile,Nuble/Biobio,-36.9,-72.2,2020,1,22.08,8.27,41.25,0.43
Chile,Nuble/Biobio,-36.9,-72.2,2020,2,21.31,8.7,39.51,0.17
Chile,Nuble/Biobio,-36.9,-72.2,2020,3,19.36,8.41,35.63,0.77
Chile,Nuble/Biobio,-36.9,-72.2,2020,4,14.8,4.19,34.58,1.85
Chile,Nuble/Biobio,-36.9,-72.2,2020,5,11.2,-1.63,26.77,1.81
Chile,Nuble/Biobio,-36.9,-72.2,2020,6,7.64,-0.08,19.21,10.72
Chile,Nuble/Biobio,-36.9,-72.2,2020,7,7.19,-1.76,19.67,4.87
Chile,Nuble/Biobio,-36.9,-72.2,2020,8,7.52,-0.96,21.1,1.07
Chile,Nuble/Biobio,-36.9,-72.2,2020,9,9.63,0.95,24.22,0.6
Chile,Nuble/Biobio,-36.9,-72.2,2020,10,12.26,0.98,28.83,0.51
Chile,Nuble/Biobio,-36.9,-72.2,2020,11,16.28,5.56,30.42,0.06
Chile,Nuble/Biobio,-36.9,-72.2,2020,12,18.83,7.38,35.29,0.08
Chile,Nuble/Biobio,-36.9,-72.2,2021,1,20.88,7.33,39.33,0.65
Chile,Nuble/Biobio,-36.9,-72.2,2021,2,20.49,7.61,37.88,0.03
Chile,Nuble/Biobio,-36.9,-72.2,2021,3,18.8,7.17,36.85,0.09
Chile,Nuble/Biobio,-36.9,-72.2,2021,4,14.72,5.03,31.95,0.65
Chile,Nuble/Biobio,-36.9,-72.2,2021,5,10.76,1.78,24.14,2.41
Chile,Nuble/Biobio,-36.9,-72.2,2021,6,8.58,-3.41,18.58,2.29
Chile,Nuble/Biobio,-36.9,-72.2,2021,7,7.5,-1.46,19.52,1.04
Chile,Nuble/Biobio,-36.9,-72.2,2021,8,8.69,-1.85,22.07,2.09
Chile,Nuble/Biobio,-36.9,-72.2,2021,9,10.46,1.54,27.82,0.65
Chile,Nuble/Biobio,-36.9,-72.2,2021,10,13.78,1.64,31.18,0.24
Chile,Nuble/Biobio,-36.9,-72.2,2021,11,17.36,3.94,36.02,0.06
Chile,Nuble/Biobio,-36.9,-72.2,2021,12,21.44,7.75,39.5,0.03
Chile,Nuble/Biobio,-36.9,-72.2,2022,1,20.16,6.16,38.06,0.23
Chile,Nuble/Biobio,-36.9,-72.2,2022,2,20.85,8.54,39.18,0.13
Chile,Nuble/Biobio,-36.9,-72.2,2022,3,17.5,4.78,35.91,0.18
Chile,Nuble/Biobio,-36.9,-72.2,2022,4,12.7,1.29,27.98,2.2
Chile,Nuble/Biobio,-36.9,-72.2,2022,5,9.2,-2.09,24.91,1.16
Chile,Nuble/Biobio,-36.9,-72.2,2022,6,7.85,-2.23,18.83,2.71
Chile,Nuble/Biobio,-36.9,-72.2,2022,7,7.39,-1.32,16.39,2.6
Chile,Nuble/Biobio,-36.9,-72.2,2022,8,8.3,-0.7,24.5,1.79
Chile,Nuble/Biobio,-36.9,-72.2,2022,9,10.34,-0.12,27.34,0.23
Chile,Nuble/Biobio,-36.9,-72.2,2022,10,13.02,1.58,28.46,0.52
Chile,Nuble/Biobio,-36.9,-72.2,2022,11,19.1,6.6,39.97,0.22
Chile,Nuble/Biobio,-36.9,-72.2,2022,12,21.13,7.68,38.96,0.1
Chile,Nuble/Biobio,-36.9,-72.2,2023,1,21.73,9.16,39.25,0.12
Chile,Nuble/Biobio,-36.9,-72.2,2023,2,22.48,9.35,42.53,0.0
Chile,Nuble/Biobio,-36.9,-72.2,2023,3,19.24,6.12,36.02,0.14
Chile,Nuble/Biobio,-36.9,-72.2,2023,4,15.59,5.02,31.87,0.74
Chile,Nuble/Biobio,-36.9,-72.2,2023,5,11.38,-0.42,26.71,1.74
Chile,Nuble/Biobio,-36.9,-72.2,2023,6,9.78,-1.96,19.17,3.91
Chile,Nuble/Biobio,-36.9,-72.2,2023,7,8.67,-0.3,19.01,3.95
Chile,Nuble/Biobio,-36.9,-72.2,2023,8,8.7,0.22,19.19,2.97
Chile,Nuble/Biobio,-36.9,-72.2,2023,9,9.7,1.16,24.18,2.79
Chile,Nuble/Biobio,-36.9,-72.2,2023,10,12.07,3.06,27.94,0.77
Chile,Nuble/Biobio,-36.9,-72.2,2023,11,14.07,1.81,33.82,0.77
Chile,Nuble/Biobio,-36.9,-72.2,2023,12,19.0,5.33,38.48,0.08
Chile,Nuble/Biobio,-36.9,-72.2,2024,1,22.91,9.7,42.0,0.0
Chile,Nuble/Biobio,-36.9,-72.2,2024,2,22.42,10.52,40.98,0.01
Chile,Nuble/Biobio,-36.9,-72.2,2024,3,17.53,7.14,35.33,0.87
Chile,Nuble/Biobio,-36.9,-72.2,2024,4,13.39,3.96,27.01,1.73
Chile,Nuble/Biobio,-36.9,-72.2,2024,5,7.74,-1.44,17.53,1.95
Chile,Nuble/Biobio,-36.9,-72.2,2024,6,8.64,-2.99,22.56,6.67
Chile,Nuble/Biobio,-36.9,-72.2,2024,7,6.01,-2.38,17.65,0.15
Chile,Nuble/Biobio,-36.9,-72.2,2024,8,7.62,-2.42,20.45,0.78
Chile,Nuble/Biobio,-36.9,-72.2,2024,9,9.32,1.2,21.09,2.23
Chile,Nuble/Biobio,-36.9,-72.2,2024,10,14.16,0.6,33.37,0.73
Chile,Nuble/Biobio,-36.9,-72.2,2024,11,15.42,4.76,29.46,0.5
Chile,Nuble/Biobio,-36.9,-72.2,2024,12,19.7,6.34,39.14,0.04
Chile,Nuble/Biobio,-36.9,-72.2,2025,1,22.44,9.51,38.81,0.04
Chile,Nuble/Biobio,-36.9,-72.2,2025,2,21.22,9.35,41.61,0.03
Chile,Nuble/Biobio,-36.9,-72.2,2025,3,18.02,6.41,35.93,1.24
Chile,Nuble/Biobio,-36.9,-72.2,2025,4,12.81,3.46,28.9,1.74
Chile,Nuble/Biobio,-36.9,-72.2,2025,5,9.81,1.83,22.53,2.45
Chile,Nuble/Biobio,-36.9,-72.2,2025,6,7.07,-5.7,18.61,6.27
Chile,Nuble/Biobio,-36.9,-72.2,2025,7,8.86,-1.84,19.09,2.63
Chile,Nuble/Biobio,-36.9,-72.2,2025,8,9.61,1.59,21.35,1.55
Chile,Nuble/Biobio,-36.9,-72.2,2025,9,10.31,0.25,23.55,1.31
Chile,Nuble/Biobio,-36.9,-72.2,2025,10,13.02,2.87,27.34,0.42
Chile,Nuble/Biobio,-36.9,-72.2,2025,11,17.38,5.8,36.06,0.09
Chile,Nuble/Biobio,-36.9,-72.2,2025,12,20.22,7.86,38.23,0.34
China,Yunnan,25.0,102.7,2020,1,8.55,-1.86,18.32,1.3
China,Yunnan,25.0,102.7,2020,2,10.07,-0.03,21.07,0.85
China,Yunnan,25.0,102.7,2020,3,14.63,4.83,26.57,0.29
China,Yunnan,25.0,102.7,2020,4,15.52,4.62,27.3,1.67
China,Yunnan,25.0,102.7,2020,5,20.49,11.66,31.16,1.15
China,Yunnan,25.0,102.7,2020,6,22.23,14.17,31.16,3.76
China,Yunnan,25.0,102.7,2020,7,20.87,12.37,29.26,8.45
China,Yunnan,25.0,102.7,2020,8,20.67,14.26,30.41,7.16
China,Yunnan,25.0,102.7,2020,9,19.64,12.13,28.51,3.01
China,Yunnan,25.0,102.7,2020,10,16.0,6.8,25.89,1.0
China,Yunnan,25.0,102.7,2020,11,12.53,3.23,23.9,0.29
China,Yunnan,25.0,102.7,2020,12,8.74,-3.04,19.2,0.23
China,Yunnan,25.0,102.7,2021,1,7.65,-4.75,19.57,0.1
China,Yunnan,25.0,102.7,2021,2,10.31,0.69,21.06,0.78
China,Yunnan,25.0,102.7,2021,3,14.18,3.36,25.52,0.14
China,Yunnan,25.0,102.7,2021,4,17.09,8.35,29.26,1.56
China,Yunnan,25.0,102.7,2021,5,20.38,10.76,31.84,1.94
China,Yunnan,25.0,102.7,2021,6,20.97,12.44,29.96,8.0
China,Yunnan,25.0,102.7,2021,7,20.63,14.57,28.46,6.49
China,Yunnan,25.0,102.7,2021,8,20.48,14.38,29.62,5.51
China,Yunnan,25.0,102.7,2021,9,19.17,12.94,28.46,4.75
China,Yunnan,25.0,102.7,2021,10,16.04,6.1,26.79,1.8
China,Yunnan,25.0,102.7,2021,11,11.42,0.94,21.87,0.95
China,Yunnan,25.0,102.7,2021,12,8.62,0.97,18.63,0.72
China,Yunnan,25.0,102.7,2022,1,8.32,-0.42,17.69,0.7
China,Yunnan,25.0,102.7,2022,2,8.14,-2.06,20.26,1.13
China,Yunnan,25.0,102.7,2022,3,15.1,3.48,26.09,0.77
China,Yunnan,25.0,102.7,2022,4,15.71,1.22,27.3,1.65
China,Yunnan,25.0,102.7,2022,5,17.84,6.58,28.07,4.53
China,Yunnan,25.0,102.7,2022,6,19.71,11.52,27.59,4.98
China,Yunnan,25.0,102.7,2022,7,21.07,15.01,30.22,4.05
China,Yunnan,25.0,102.7,2022,8,21.04,14.89,29.21,6.22
China,Yunnan,25.0,102.7,2022,9,18.39,11.88,26.85,6.99
China,Yunnan,25.0,102.7,2022,10,15.89,3.9,24.67,1.06
China,Yunnan,25.0,102.7,2022,11,12.69,4.79,22.62,0.05
China,Yunnan,25.0,102.7,2022,12,8.49,-2.22,19.21,0.38
China,Yunnan,25.0,102.7,2023,1,7.83,-2.23,21.01,0.04
China,Yunnan,25.0,102.7,2023,2,10.84,1.61,21.91,0.07
China,Yunnan,25.0,102.7,2023,3,13.66,2.94,23.83,0.13
China,Yunnan,25.0,102.7,2023,4,17.87,7.15,28.57,0.07
China,Yunnan,25.0,102.7,2023,5,20.71,11.53,31.85,0.67
China,Yunnan,25.0,102.7,2023,6,21.13,13.75,31.2,3.24
China,Yunnan,25.0,102.7,2023,7,21.4,12.24,30.71,4.98
China,Yunnan,25.0,102.7,2023,8,20.67,13.16,29.73,10.61
China,Yunnan,25.0,102.7,2023,9,19.54,11.77,27.62,2.76
China,Yunnan,25.0,102.7,2023,10,17.0,8.58,27.35,2.2
China,Yunnan,25.0,102.7,2023,11,12.87,3.73,23.43,0.31
China,Yunnan,25.0,102.7,2023,12,10.05,-0.89,20.32,0.61
China,Yunnan,25.0,102.7,2024,1,8.31,-2.43,17.9,0.78
China,Yunnan,25.0,102.7,2024,2,10.71,0.44,21.76,0.11
China,Yunnan,25.0,102.7,2024,3,14.37,3.53,24.81,0.15
China,Yunnan,25.0,102.7,2024,4,18.6,9.16,28.69,0.13
China,Yunnan,25.0,102.7,2024,5,19.56,9.49,29.0,2.1
China,Yunnan,25.0,102.7,2024,6,21.24,14.82,30.89,7.34
China,Yunnan,25.0,102.7,2024,7,21.71,15.26,30.51,4.89
China,Yunnan,25.0,102.7,2024,8,21.24,14.8,29.98,3.75
China,Yunnan,25.0,102.7,2024,9,19.62,12.08,29.22,4.68
China,Yunnan,25.0,102.7,2024,10,16.53,9.4,25.71,2.44
China,Yunnan,25.0,102.7,2024,11,12.37,3.19,22.47,2.46
China,Yunnan,25.0,102.7,2024,12,9.48,1.43,18.45,0.03
China,Yunnan,25.0,102.7,2025,1,7.55,-3.64,18.76,0.3
China,Yunnan,25.0,102.7,2025,2,10.28,0.15,21.21,0.38
China,Yunnan,25.0,102.7,2025,3,12.85,0.44,26.04,0.42
China,Yunnan,25.0,102.7,2025,4,17.19,5.59,27.98,0.79
China,Yunnan,25.0,102.7,2025,5,19.07,9.39,28.85,4.46
China,Yunnan,25.0,102.7,2025,6,20.36,12.65,29.9,7.83
China,Yunnan,25.0,102.7,2025,7,20.89,14.64,29.47,6.95
China,Yunnan,25.0,102.7,2025,8,20.34,13.35,30.22,7.17
China,Yunnan,25.0,102.7,2025,9,19.16,9.63,27.49,4.75
China,Yunnan,25.0,102.7,2025,10,16.77,7.67,25.98,2.78
China,Yunnan,25.0,102.7,2025,11,11.02,-2.17,24.01,3.03
China,Yunnan,25.0,102.7,2025,12,8.33,1.1,18.26,0.2
Mexico,Jalisco,20.5,-103.4,2020,1,16.12,1.77,27.14,0.46
Mexico,Jalisco,20.5,-103.4,2020,2,18.38,7.45,31.67,0.79
Mexico,Jalisco,20.5,-103.4,2020,3,22.43,10.42,35.3,0.09
Mexico,Jalisco,20.5,-103.4,2020,4,23.95,13.7,35.37,0.05
Mexico,Jalisco,20.5,-103.4,2020,5,24.06,12.79,34.87,0.85
Mexico,Jalisco,20.5,-103.4,2020,6,24.3,15.05,36.49,3.33
Mexico,Jalisco,20.5,-103.4,2020,7,21.5,15.36,30.83,5.24
Mexico,Jalisco,20.5,-103.4,2020,8,21.07,13.51,30.07,4.58
Mexico,Jalisco,20.5,-103.4,2020,9,20.37,10.06,29.08,3.41
Mexico,Jalisco,20.5,-103.4,2020,10,20.29,7.98,30.08,0.44
Mexico,Jalisco,20.5,-103.4,2020,11,18.95,6.39,30.56,0.01
Mexico,Jalisco,20.5,-103.4,2020,12,17.21,6.26,27.76,0.09
Mexico,Jalisco,20.5,-103.4,2021,1,17.36,4.46,30.13,0.03
Mexico,Jalisco,20.5,-103.4,2021,2,18.39,6.15,31.08,0.01
Mexico,Jalisco,20.5,-103.4,2021,3,21.85,10.91,33.75,0.0
Mexico,Jalisco,20.5,-103.4,2021,4,23.53,12.85,34.26,0.03
Mexico,Jalisco,20.5,-103.4,2021,5,24.15,12.87,36.03,0.63
Mexico,Jalisco,20.5,-103.4,2021,6,22.52,14.39,35.96,4.39
Mexico,Jalisco,20.5,-103.4,2021,7,20.84,15.12,28.81,7.05
Mexico,Jalisco,20.5,-103.4,2021,8,20.33,13.97,28.04,5.71
Mexico,Jalisco,20.5,-103.4,2021,9,19.83,12.51,26.63,4.62
Mexico,Jalisco,20.5,-103.4,2021,10,19.75,12.61,28.86,2.0
Mexico,Jalisco,20.5,-103.4,2021,11,17.68,6.19,26.96,0.03
Mexico,Jalisco,20.5,-103.4,2021,12,17.88,5.12,28.83,0.05
Mexico,Jalisco,20.5,-103.4,2022,1,17.32,7.18,28.0,0.01
Mexico,Jalisco,20.5,-103.4,2022,2,18.57,7.06,31.38,0.05
Mexico,Jalisco,20.5,-103.4,2022,3,20.57,7.93,32.84,0.0
Mexico,Jalisco,20.5,-103.4,2022,4,23.75,12.4,36.16,0.06
Mexico,Jalisco,20.5,-103.4,2022,5,25.37,14.74,35.88,0.6
Mexico,Jalisco,20.5,-103.4,2022,6,22.62,15.69,33.24,4.48
Mexico,Jalisco,20.5,-103.4,2022,7,21.26,14.76,30.55,8.36
Mexico,Jalisco,20.5,-103.4,2022,8,20.51,14.49,27.11,6.12
Mexico,Jalisco,20.5,-103.4,2022,9,20.14,10.81,27.89,2.11
Mexico,Jalisco,20.5,-103.4,2022,10,19.59,10.53,29.31,1.54
Mexico,Jalisco,20.5,-103.4,2022,11,19.31,10.23,29.2,0.12
Mexico,Jalisco,20.5,-103.4,2022,12,17.45,7.07,28.4,0.07
Mexico,Jalisco,20.5,-103.4,2023,1,17.01,5.59,28.05,0.03
Mexico,Jalisco,20.5,-103.4,2023,2,18.96,6.97,31.31,0.0
Mexico,Jalisco,20.5,-103.4,2023,3,21.6,11.1,33.88,0.03
Mexico,Jalisco,20.5,-103.4,2023,4,22.92,12.39,34.8,0.42
Mexico,Jalisco,20.5,-103.4,2023,5,24.21,13.86,35.55,1.75
Mexico,Jalisco,20.5,-103.4,2023,6,26.4,14.98,38.12,0.59
Mexico,Jalisco,20.5,-103.4,2023,7,23.38,16.43,33.3,4.26
Mexico,Jalisco,20.5,-103.4,2023,8,21.76,14.44,31.3,5.76
Mexico,Jalisco,20.5,-103.4,2023,9,21.99,13.05,31.96,3.09
Mexico,Jalisco,20.5,-103.4,2023,10,20.74,12.57,29.18,2.71
Mexico,Jalisco,20.5,-103.4,2023,11,19.82,8.97,30.51,0.46
Mexico,Jalisco,20.5,-103.4,2023,12,15.86,4.25,25.77,1.72
Mexico,Jalisco,20.5,-103.4,2024,1,17.07,7.49,28.19,0.06
Mexico,Jalisco,20.5,-103.4,2024,2,18.45,4.82,32.69,0.71
Mexico,Jalisco,20.5,-103.4,2024,3,21.24,9.49,32.99,0.0
Mexico,Jalisco,20.5,-103.4,2024,4,23.63,11.82,35.9,0.09
Mexico,Jalisco,20.5,-103.4,2024,5,27.01,16.8,38.53,0.22
Mexico,Jalisco,20.5,-103.4,2024,6,25.87,16.88,38.09,4.88
Mexico,Jalisco,20.5,-103.4,2024,7,21.48,15.64,29.32,7.79
Mexico,Jalisco,20.5,-103.4,2024,8,20.85,15.47,27.77,7.5
Mexico,Jalisco,20.5,-103.4,2024,9,20.85,13.14,27.46,5.34
Mexico,Jalisco,20.5,-103.4,2024,10,19.1,9.87,27.38,0.66
Mexico,Jalisco,20.5,-103.4,2024,11,20.1,8.04,30.24,0.03
Mexico,Jalisco,20.5,-103.4,2024,12,18.19,6.45,29.03,0.05
Mexico,Jalisco,20.5,-103.4,2025,1,17.55,5.99,28.17,0.11
Mexico,Jalisco,20.5,-103.4,2025,2,20.37,8.61,32.66,0.07
Mexico,Jalisco,20.5,-103.4,2025,3,21.3,8.71,33.26,0.0
Mexico,Jalisco,20.5,-103.4,2025,4,23.09,10.07,35.17,0.0
Mexico,Jalisco,20.5,-103.4,2025,5,24.99,14.21,36.82,1.3
Mexico,Jalisco,20.5,-103.4,2025,6,22.49,15.26,34.89,6.41
Mexico,Jalisco,20.5,-103.4,2025,7,20.77,13.4,28.4,4.87
Mexico,Jalisco,20.5,-103.4,2025,8,20.76,14.82,29.04,6.67
Mexico,Jalisco,20.5,-103.4,2025,9,20.74,14.43,27.64,5.94
Mexico,Jalisco,20.5,-103.4,2025,10,19.98,10.81,29.76,0.91
Mexico,Jalisco,20.5,-103.4,2025,11,18.78,6.21,29.12,0.02
Mexico,Jalisco,20.5,-103.4,2025,12,18.16,7.53,27.35,0.43
Mexico,Michoacan (Los Reyes),19.6,-102.5,2020,1,18.77,7.2,29.65,0.05
Mexico,Michoacan (Los Reyes),19.6,-102.5,2020,2,20.56,11.57,33.22,1.11
Mexico,Michoacan (Los Reyes),19.6,-102.5,2020,3,23.64,12.05,35.79,0.32
Mexico,Michoacan (Los Reyes),19.6,-102.5,2020,4,25.38,14.27,36.97,0.15
Mexico,Michoacan (Los Reyes),19.6,-102.5,2020,5,25.96,14.95,37.38,0.29
Mexico,Michoacan (Los Reyes),19.6,-102.5,2020,6,25.01,16.67,38.74,3.51
Mexico,Michoacan (Los Reyes),19.6,-102.5,2020,7,22.46,16.72,33.04,4.54
Mexico,Michoacan (Los Reyes),19.6,-102.5,2020,8,22.22,15.67,31.95,6.12
Mexico,Michoacan (Los Reyes),19.6,-102.5,2020,9,21.78,12.53,32.24,5.33
Mexico,Michoacan (Los Reyes),19.6,-102.5,2020,10,21.23,9.49,30.99,1.51
Mexico,Michoacan (Los Reyes),19.6,-102.5,2020,11,20.8,10.29,31.33,0.08
Mexico,Michoacan (Los Reyes),19.6,-102.5,2020,12,19.05,9.02,30.48,0.06
Mexico,Michoacan (Los Reyes),19.6,-102.5,2021,1,19.51,8.49,31.89,0.0
Mexico,Michoacan (Los Reyes),19.6,-102.5,2021,2,20.05,7.35,33.05,0.01
Mexico,Michoacan (Los Reyes),19.6,-102.5,2021,3,23.32,12.69,36.37,0.03
Mexico,Michoacan (Los Reyes),19.6,-102.5,2021,4,24.67,13.41,35.59,0.15
Mexico,Michoacan (Los Reyes),19.6,-102.5,2021,5,25.04,13.86,36.54,0.65
Mexico,Michoacan (Los Reyes),19.6,-102.5,2021,6,23.04,16.01,36.87,4.41
Mexico,Michoacan (Los Reyes),19.6,-102.5,2021,7,22.1,15.59,31.87,5.49
Mexico,Michoacan (Los Reyes),19.6,-102.5,2021,8,21.68,16.51,31.85,5.62
Mexico,Michoacan (Los Reyes),19.6,-102.5,2021,9,21.43,15.05,29.78,4.76
Mexico,Michoacan (Los Reyes),19.6,-102.5,2021,10,21.43,15.33,30.81,3.48
Mexico,Michoacan (Los Reyes),19.6,-102.5,2021,11,19.78,10.38,28.87,0.02
Mexico,Michoacan (Los Reyes),19.6,-102.5,2021,12,19.56,9.69,29.68,0.05
Mexico,Michoacan (Los Reyes),19.6,-102.5,2022,1,19.33,10.66,30.55,0.04
Mexico,Michoacan (Los Reyes),19.6,-102.5,2022,2,20.18,8.83,32.39,0.07
Mexico,Michoacan (Los Reyes),19.6,-102.5,2022,3,22.37,10.09,34.72,0.0
Mexico,Michoacan (Los Reyes),19.6,-102.5,2022,4,24.91,11.6,38.82,0.06
Mexico,Michoacan (Los Reyes),19.6,-102.5,2022,5,26.39,15.1,38.84,0.2
Mexico,Michoacan (Los Reyes),19.6,-102.5,2022,6,22.97,15.03,33.67,4.07
Mexico,Michoacan (Los Reyes),19.6,-102.5,2022,7,22.38,16.47,33.05,7.62
Mexico,Michoacan (Los Reyes),19.6,-102.5,2022,8,21.76,16.81,31.6,4.23
Mexico,Michoacan (Los Reyes),19.6,-102.5,2022,9,21.73,14.03,32.25,2.66
Mexico,Michoacan (Los Reyes),19.6,-102.5,2022,10,21.85,14.89,31.74,1.36
Mexico,Michoacan (Los Reyes),19.6,-102.5,2022,11,21.34,13.47,31.48,0.14
Mexico,Michoacan (Los Reyes),19.6,-102.5,2022,12,19.64,10.43,30.65,0.04
Mexico,Michoacan (Los Reyes),19.6,-102.5,2023,1,19.19,10.1,31.13,0.02
Mexico,Michoacan (Los Reyes),19.6,-102.5,2023,2,21.23,11.57,32.92,0.0
Mexico,Michoacan (Los Reyes),19.6,-102.5,2023,3,23.05,11.94,35.37,0.14
Mexico,Michoacan (Los Reyes),19.6,-102.5,2023,4,24.44,13.87,37.56,0.5
Mexico,Michoacan (Los Reyes),19.6,-102.5,2023,5,25.67,14.86,37.72,1.94
Mexico,Michoacan (Los Reyes),19.6,-102.5,2023,6,26.63,16.88,38.53,0.78
Mexico,Michoacan (Los Reyes),19.6,-102.5,2023,7,23.76,18.1,32.37,4.77
Mexico,Michoacan (Los Reyes),19.6,-102.5,2023,8,22.98,16.84,32.1,4.74
Mexico,Michoacan (Los Reyes),19.6,-102.5,2023,9,23.36,15.66,34.08,2.87
Mexico,Michoacan (Los Reyes),19.6,-102.5,2023,10,21.77,15.19,30.44,3.78
Mexico,Michoacan (Los Reyes),19.6,-102.5,2023,11,21.67,12.57,31.84,0.65
Mexico,Michoacan (Los Reyes),19.6,-102.5,2023,12,18.87,9.49,28.58,0.87
Mexico,Michoacan (Los Reyes),19.6,-102.5,2024,1,19.35,9.55,30.43,0.0
Mexico,Michoacan (Los Reyes),19.6,-102.5,2024,2,20.74,8.76,35.15,0.4
Mexico,Michoacan (Los Reyes),19.6,-102.5,2024,3,23.05,11.16,35.94,0.0
Mexico,Michoacan (Los Reyes),19.6,-102.5,2024,4,25.59,13.03,38.29,0.07
Mexico,Michoacan (Los Reyes),19.6,-102.5,2024,5,27.79,16.75,39.89,0.15
Mexico,Michoacan (Los Reyes),19.6,-102.5,2024,6,25.97,16.76,39.69,3.72
Mexico,Michoacan (Los Reyes),19.6,-102.5,2024,7,22.93,16.64,32.03,8.35
Mexico,Michoacan (Los Reyes),19.6,-102.5,2024,8,22.2,17.1,30.19,6.56
Mexico,Michoacan (Los Reyes),19.6,-102.5,2024,9,22.12,17.09,30.38,9.92
Mexico,Michoacan (Los Reyes),19.6,-102.5,2024,10,21.67,11.68,30.92,0.67
Mexico,Michoacan (Los Reyes),19.6,-102.5,2024,11,21.41,12.18,30.95,0.3
Mexico,Michoacan (Los Reyes),19.6,-102.5,2024,12,19.74,9.32,30.52,0.06
Mexico,Michoacan (Los Reyes),19.6,-102.5,2025,1,19.63,10.48,30.98,0.27
Mexico,Michoacan (Los Reyes),19.6,-102.5,2025,2,21.76,12.36,33.24,0.07
Mexico,Michoacan (Los Reyes),19.6,-102.5,2025,3,23.06,11.43,35.31,0.0
Mexico,Michoacan (Los Reyes),19.6,-102.5,2025,4,24.45,12.51,36.83,0.0
Mexico,Michoacan (Los Reyes),19.6,-102.5,2025,5,25.9,16.16,37.78,1.42
Mexico,Michoacan (Los Reyes),19.6,-102.5,2025,6,22.52,15.92,33.9,7.41
Mexico,Michoacan (Los Reyes),19.6,-102.5,2025,7,21.92,15.42,30.69,5.38
Mexico,Michoacan (Los Reyes),19.6,-102.5,2025,8,21.98,16.25,30.83,5.06
Mexico,Michoacan (Los Reyes),19.6,-102.5,2025,9,22.06,16.55,31.65,4.79
Mexico,Michoacan (Los Reyes),19.6,-102.5,2025,10,21.73,14.45,31.33,1.33
Mexico,Michoacan (Los Reyes),19.6,-102.5,2025,11,20.83,11.93,30.69,0.02
Mexico,Michoacan (Los Reyes),19.6,-102.5,2025,12,20.35,10.79,29.65,0.13
Morocco,Larache/Loukkos,35.18,-6.15,2020,1,13.65,9.38,18.67,1.63
Morocco,Larache/Loukkos,35.18,-6.15,2020,2,16.02,11.71,23.38,0.08
Morocco,Larache/Loukkos,35.18,-6.15,2020,3,16.1,11.66,23.77,2.73
Morocco,Larache/Loukkos,35.18,-6.15,2020,4,17.54,11.58,24.22,1.63
Morocco,Larache/Loukkos,35.18,-6.15,2020,5,21.24,15.11,35.14,1.31
Morocco,Larache/Loukkos,35.18,-6.15,2020,6,21.84,17.19,34.82,0.7
Morocco,Larache/Loukkos,35.18,-6.15,2020,7,25.87,18.9,39.34,0.02
Morocco,Larache/Loukkos,35.18,-6.15,2020,8,24.8,19.24,31.56,0.05
Morocco,Larache/Loukkos,35.18,-6.15,2020,9,23.94,18.97,33.51,0.54
Morocco,Larache/Loukkos,35.18,-6.15,2020,10,20.04,14.89,27.64,1.06
Morocco,Larache/Loukkos,35.18,-6.15,2020,11,18.64,11.89,25.91,2.26
Morocco,Larache/Loukkos,35.18,-6.15,2020,12,15.82,10.21,21.91,3.62
Morocco,Larache/Loukkos,35.18,-6.15,2021,1,13.91,8.99,19.58,5.61
Morocco,Larache/Loukkos,35.18,-6.15,2021,2,15.11,10.97,21.67,3.21
Morocco,Larache/Loukkos,35.18,-6.15,2021,3,15.52,10.8,26.3,1.02
Morocco,Larache/Loukkos,35.18,-6.15,2021,4,17.54,13.09,22.09,1.27
Morocco,Larache/Loukkos,35.18,-6.15,2021,5,19.87,14.17,29.99,0.2
Morocco,Larache/Loukkos,35.18,-6.15,2021,6,21.71,16.51,32.03,0.1
Morocco,Larache/Loukkos,35.18,-6.15,2021,7,24.12,18.96,36.79,0.02
Morocco,Larache/Loukkos,35.18,-6.15,2021,8,24.59,19.53,32.67,0.01
Morocco,Larache/Loukkos,35.18,-6.15,2021,9,23.99,19.36,32.66,0.28
Morocco,Larache/Loukkos,35.18,-6.15,2021,10,21.83,15.88,31.56,0.07
Morocco,Larache/Loukkos,35.18,-6.15,2021,11,16.95,11.37,24.64,2.05
Morocco,Larache/Loukkos,35.18,-6.15,2021,12,15.82,11.39,22.94,1.96
Morocco,Larache/Loukkos,35.18,-6.15,2022,1,14.92,9.78,22.31,0.29
Morocco,Larache/Loukkos,35.18,-6.15,2022,2,16.11,10.42,24.84,0.23
Morocco,Larache/Loukkos,35.18,-6.15,2022,3,15.47,11.28,23.19,3.22
Morocco,Larache/Loukkos,35.18,-6.15,2022,4,16.81,11.91,27.12,1.45
Morocco,Larache/Loukkos,35.18,-6.15,2022,5,21.34,13.97,36.99,0.3
Morocco,Larache/Loukkos,35.18,-6.15,2022,6,23.11,18.44,36.85,0.01
Morocco,Larache/Loukkos,35.18,-6.15,2022,7,26.91,18.88,39.91,0.02
Morocco,Larache/Loukkos,35.18,-6.15,2022,8,24.66,20.01,34.34,0.03
Morocco,Larache/Loukkos,35.18,-6.15,2022,9,23.18,18.77,29.63,0.19
Morocco,Larache/Loukkos,35.18,-6.15,2022,10,22.89,17.05,32.75,0.11
Morocco,Larache/Loukkos,35.18,-6.15,2022,11,19.26,12.93,25.49,1.18
Morocco,Larache/Loukkos,35.18,-6.15,2022,12,17.42,12.55,21.39,7.34
Morocco,Larache/Loukkos,35.18,-6.15,2023,1,14.67,8.55,20.54,1.12
Morocco,Larache/Loukkos,35.18,-6.15,2023,2,14.68,8.89,21.25,1.37
Morocco,Larache/Loukkos,35.18,-6.15,2023,3,16.71,10.22,25.43,0.21
Morocco,Larache/Loukkos,35.18,-6.15,2023,4,19.54,13.97,28.28,0.03
Morocco,Larache/Loukkos,35.18,-6.15,2023,5,20.35,15.44,32.75,2.28
Morocco,Larache/Loukkos,35.18,-6.15,2023,6,24.34,18.17,38.83,0.34
Morocco,Larache/Loukkos,35.18,-6.15,2023,7,25.06,20.41,32.0,0.01
Morocco,Larache/Loukkos,35.18,-6.15,2023,8,26.57,20.23,39.29,0.01
Morocco,Larache/Loukkos,35.18,-6.15,2023,9,23.81,19.5,34.67,0.32
Morocco,Larache/Loukkos,35.18,-6.15,2023,10,23.27,18.09,33.39,2.49
Morocco,Larache/Loukkos,35.18,-6.15,2023,11,18.8,12.78,25.33,0.32
Morocco,Larache/Loukkos,35.18,-6.15,2023,12,16.36,10.9,22.64,1.1
Morocco,Larache/Loukkos,35.18,-6.15,2024,1,16.48,10.8,23.84,1.3
Morocco,Larache/Loukkos,35.18,-6.15,2024,2,16.48,11.03,24.95,2.94
Morocco,Larache/Loukkos,35.18,-6.15,2024,3,16.5,11.18,26.0,7.29
Morocco,Larache/Loukkos,35.18,-6.15,2024,4,17.96,13.31,29.33,0.61
Morocco,Larache/Loukkos,35.18,-6.15,2024,5,19.72,13.12,29.55,0.18
Morocco,Larache/Loukkos,35.18,-6.15,2024,6,22.16,18.11,32.64,0.06
Morocco,Larache/Loukkos,35.18,-6.15,2024,7,24.6,19.5,34.93,0.0
Morocco,Larache/Loukkos,35.18,-6.15,2024,8,24.95,20.57,35.26,0.01
Morocco,Larache/Loukkos,35.18,-6.15,2024,9,23.49,18.71,33.04,0.18
Morocco,Larache/Loukkos,35.18,-6.15,2024,10,21.16,15.43,28.52,3.18
Morocco,Larache/Loukkos,35.18,-6.15,2024,11,19.73,14.97,28.4,0.5
Morocco,Larache/Loukkos,35.18,-6.15,2024,12,16.3,10.76,23.57,0.37
Morocco,Larache/Loukkos,35.18,-6.15,2025,1,15.32,10.01,20.88,1.37
Morocco,Larache/Loukkos,35.18,-6.15,2025,2,15.4,10.43,22.25,1.39
Morocco,Larache/Loukkos,35.18,-6.15,2025,3,15.79,11.94,23.72,6.32
Morocco,Larache/Loukkos,35.18,-6.15,2025,4,17.97,13.36,28.83,0.88
Morocco,Larache/Loukkos,35.18,-6.15,2025,5,20.65,15.48,37.48,0.12
Morocco,Larache/Loukkos,35.18,-6.15,2025,6,24.82,17.69,40.2,0.04
Morocco,Larache/Loukkos,35.18,-6.15,2025,7,24.84,20.22,34.2,1.24
Morocco,Larache/Loukkos,35.18,-6.15,2025,8,25.83,20.62,39.31,0.08
Morocco,Larache/Loukkos,35.18,-6.15,2025,9,23.88,18.36,35.29,0.12
Morocco,Larache/Loukkos,35.18,-6.15,2025,10,22.14,18.09,29.33,0.58
Morocco,Larache/Loukkos,35.18,-6.15,2025,11,18.28,12.18,27.12,3.41
Morocco,Larache/Loukkos,35.18,-6.15,2025,12,15.11,10.82,20.54,7.04
Peru,La Libertad,-8.1,-79.0,2020,1,18.71,12.03,29.25,0.31
Peru,La Libertad,-8.1,-79.0,2020,2,19.07,13.68,28.24,0.33
Peru,La Libertad,-8.1,-79.0,2020,3,18.53,12.19,28.27,0.48
Peru,La Libertad,-8.1,-79.0,2020,4,18.35,12.76,27.96,1.17
Peru,La Libertad,-8.1,-79.0,2020,5,18.94,10.81,27.33,0.15
Peru,La Libertad,-8.1,-79.0,2020,6,18.32,11.68,27.3,0.04
Peru,La Libertad,-8.1,-79.0,2020,7,17.47,10.26,26.11,2.33
Peru,La Libertad,-8.1,-79.0,2020,8,17.84,8.48,26.68,0.0
Peru,La Libertad,-8.1,-79.0,2020,9,18.29,11.57,27.2,0.17
Peru,La Libertad,-8.1,-79.0,2020,10,18.48,11.67,27.76,0.53
Peru,La Libertad,-8.1,-79.0,2020,11,17.71,9.69,26.55,0.58
Peru,La Libertad,-8.1,-79.0,2020,12,17.04,11.34,24.85,1.0
Peru,La Libertad,-8.1,-79.0,2021,1,17.34,12.18,26.63,0.71
Peru,La Libertad,-8.1,-79.0,2021,2,18.34,12.85,26.87,0.26
Peru,La Libertad,-8.1,-79.0,2021,3,17.53,12.15,26.0,1.05
Peru,La Libertad,-8.1,-79.0,2021,4,18.27,13.22,26.74,0.33
Peru,La Libertad,-8.1,-79.0,2021,5,18.21,11.62,27.25,0.21
Peru,La Libertad,-8.1,-79.0,2021,6,17.89,11.22,26.67,0.08
Peru,La Libertad,-8.1,-79.0,2021,7,17.88,9.75,27.02,0.1
Peru,La Libertad,-8.1,-79.0,2021,8,18.14,9.94,27.32,0.18
Peru,La Libertad,-8.1,-79.0,2021,9,18.36,11.94,27.18,0.27
Peru,La Libertad,-8.1,-79.0,2021,10,18.03,12.7,27.38,0.97
Peru,La Libertad,-8.1,-79.0,2021,11,17.23,11.56,25.32,0.77
Peru,La Libertad,-8.1,-79.0,2021,12,17.45,11.53,25.54,0.9
Peru,La Libertad,-8.1,-79.0,2022,1,17.31,11.32,26.89,0.8
Peru,La Libertad,-8.1,-79.0,2022,2,16.83,11.63,25.17,1.69
Peru,La Libertad,-8.1,-79.0,2022,3,17.42,12.66,25.27,1.44
Peru,La Libertad,-8.1,-79.0,2022,4,17.56,12.52,26.23,1.17
Peru,La Libertad,-8.1,-79.0,2022,5,18.1,11.5,26.2,0.61
Peru,La Libertad,-8.1,-79.0,2022,6,16.75,8.53,24.71,0.31
Peru,La Libertad,-8.1,-79.0,2022,7,17.8,9.51,26.36,0.13
Peru,La Libertad,-8.1,-79.0,2022,8,18.1,10.41,26.31,0.18
Peru,La Libertad,-8.1,-79.0,2022,9,18.2,12.15,27.19,0.55
Peru,La Libertad,-8.1,-79.0,2022,10,18.07,11.52,26.68,0.23
Peru,La Libertad,-8.1,-79.0,2022,11,17.93,11.11,26.55,0.18
Peru,La Libertad,-8.1,-79.0,2022,12,17.16,10.85,26.13,0.55
Peru,La Libertad,-8.1,-79.0,2023,1,17.02,12.36,24.98,3.79
Peru,La Libertad,-8.1,-79.0,2023,2,17.67,13.14,25.77,1.57
Peru,La Libertad,-8.1,-79.0,2023,3,17.61,13.13,25.93,1.34
Peru,La Libertad,-8.1,-79.0,2023,4,17.93,12.76,26.21,0.71
Peru,La Libertad,-8.1,-79.0,2023,5,19.04,12.96,27.64,0.44
Peru,La Libertad,-8.1,-79.0,2023,6,18.55,10.78,27.1,0.01
Peru,La Libertad,-8.1,-79.0,2023,7,19.01,11.38,28.28,0.07
Peru,La Libertad,-8.1,-79.0,2023,8,19.09,11.34,28.68,0.07
Peru,La Libertad,-8.1,-79.0,2023,9,19.83,13.23,28.36,0.11
Peru,La Libertad,-8.1,-79.0,2023,10,18.92,13.0,28.02,0.74
Peru,La Libertad,-8.1,-79.0,2023,11,18.93,12.53,27.45,0.61
Peru,La Libertad,-8.1,-79.0,2023,12,18.64,13.68,28.78,1.74
Peru,La Libertad,-8.1,-79.0,2024,1,19.15,13.91,28.24,0.48
Peru,La Libertad,-8.1,-79.0,2024,2,19.44,13.71,28.35,0.53
Peru,La Libertad,-8.1,-79.0,2024,3,19.33,13.71,28.74,0.62
Peru,La Libertad,-8.1,-79.0,2024,4,18.69,14.26,27.4,0.68
Peru,La Libertad,-8.1,-79.0,2024,5,19.6,12.6,27.97,0.25
Peru,La Libertad,-8.1,-79.0,2024,6,18.77,11.81,28.58,0.09
Peru,La Libertad,-8.1,-79.0,2024,7,18.65,9.45,27.9,0.05
Peru,La Libertad,-8.1,-79.0,2024,8,18.78,11.88,27.64,0.02
Peru,La Libertad,-8.1,-79.0,2024,9,19.44,12.12,28.67,0.33
Peru,La Libertad,-8.1,-79.0,2024,10,19.05,13.12,27.75,0.43
Peru,La Libertad,-8.1,-79.0,2024,11,17.77,11.2,26.52,0.51
Peru,La Libertad,-8.1,-79.0,2024,12,17.63,12.44,25.98,1.25
Peru,La Libertad,-8.1,-79.0,2025,1,17.53,12.24,26.65,1.39
Peru,La Libertad,-8.1,-79.0,2025,2,17.62,13.21,25.81,2.26
Peru,La Libertad,-8.1,-79.0,2025,3,18.02,13.12,26.25,2.58
Peru,La Libertad,-8.1,-79.0,2025,4,18.1,12.31,26.81,0.92
Peru,La Libertad,-8.1,-79.0,2025,5,18.38,12.3,26.65,0.32
Peru,La Libertad,-8.1,-79.0,2025,6,17.35,9.42,26.01,3.61
Peru,La Libertad,-8.1,-79.0,2025,7,17.44,7.45,26.55,0.03
Peru,La Libertad,-8.1,-79.0,2025,8,18.18,11.46,26.83,0.05
Peru,La Libertad,-8.1,-79.0,2025,9,18.83,12.54,27.25,0.31
Peru,La Libertad,-8.1,-79.0,2025,10,17.83,12.28,26.42,1.28
Peru,La Libertad,-8.1,-79.0,2025,11,17.82,11.84,25.93,1.13
Peru,La Libertad,-8.1,-79.0,2025,12,17.54,10.5,27.02,0.2
Poland,Mazovia,52.0,21.0,2020,1,0.75,-3.39,7.62,1.31
Poland,Mazovia,52.0,21.0,2020,2,2.78,-5.16,11.27,2.04
Poland,Mazovia,52.0,21.0,2020,3,3.81,-5.34,16.64,0.79
Poland,Mazovia,52.0,21.0,2020,4,8.2,-3.36,22.44,0.3
Poland,Mazovia,52.0,21.0,2020,5,11.6,0.72,24.83,2.76
Poland,Mazovia,52.0,21.0,2020,6,19.08,8.29,28.5,5.69
Poland,Mazovia,52.0,21.0,2020,7,19.3,9.91,29.24,1.73
Poland,Mazovia,52.0,21.0,2020,8,20.99,12.33,33.71,2.39
Poland,Mazovia,52.0,21.0,2020,9,15.75,4.78,28.79,2.65
Poland,Mazovia,52.0,21.0,2020,10,9.98,1.63,21.94,3.22
Poland,Mazovia,52.0,21.0,2020,11,4.46,-3.57,16.05,0.77
Poland,Mazovia,52.0,21.0,2020,12,-0.47,-6.24,6.42,0.96
Poland,Mazovia,52.0,21.0,2021,1,-3.89,-22.73,2.81,1.55
Poland,Mazovia,52.0,21.0,2021,2,-4.83,-19.07,13.78,1.23
Poland,Mazovia,52.0,21.0,2021,3,2.24,-4.86,18.31,0.83
Poland,Mazovia,52.0,21.0,2021,4,6.26,-3.69,19.41,1.94
Poland,Mazovia,52.0,21.0,2021,5,12.24,1.29,25.08,2.46
Poland,Mazovia,52.0,21.0,2021,6,20.14,9.4,31.13,1.72
Poland,Mazovia,52.0,21.0,2021,7,22.43,13.33,33.39,3.26
Poland,Mazovia,52.0,21.0,2021,8,17.58,8.52,29.13,5.41
Poland,Mazovia,52.0,21.0,2021,9,13.67,3.63,26.04,1.79
Poland,Mazovia,52.0,21.0,2021,10,8.62,-0.69,21.25,0.4
Poland,Mazovia,52.0,21.0,2021,11,4.08,-2.93,13.23,1.35
Poland,Mazovia,52.0,21.0,2021,12,-2.9,-13.55,7.63,1.04
Poland,Mazovia,52.0,21.0,2022,1,-0.7,-9.66,6.9,1.69
Poland,Mazovia,52.0,21.0,2022,2,1.82,-4.92,9.62,1.85
Poland,Mazovia,52.0,21.0,2022,3,2.43,-6.75,18.12,0.23
Poland,Mazovia,52.0,21.0,2022,4,6.66,-6.88,18.85,2.29
Poland,Mazovia,52.0,21.0,2022,5,13.86,2.25,25.98,1.55
Poland,Mazovia,52.0,21.0,2022,6,19.91,9.26,34.85,1.42
Poland,Mazovia,52.0,21.0,2022,7,20.06,10.05,35.02,3.36
Poland,Mazovia,52.0,21.0,2022,8,22.06,10.15,33.09,1.53
Poland,Mazovia,52.0,21.0,2022,9,12.76,5.54,23.59,1.88
Poland,Mazovia,52.0,21.0,2022,10,11.02,-0.56,21.5,1.12
Poland,Mazovia,52.0,21.0,2022,11,3.21,-5.18,15.75,0.91
Poland,Mazovia,52.0,21.0,2022,12,-2.61,-18.42,8.58,2.06
Poland,Mazovia,52.0,21.0,2023,1,1.31,-5.25,12.27,2.15
Poland,Mazovia,52.0,21.0,2023,2,-0.17,-10.78,8.32,1.62
Poland,Mazovia,52.0,21.0,2023,3,3.77,-5.4,19.06,1.69
Poland,Mazovia,52.0,21.0,2023,4,8.64,-3.43,21.5,1.85
Poland,Mazovia,52.0,21.0,2023,5,13.26,0.29,23.06,1.85
Poland,Mazovia,52.0,21.0,2023,6,18.58,3.59,28.88,1.32
Poland,Mazovia,52.0,21.0,2023,7,20.77,11.43,34.26,2.68
Poland,Mazovia,52.0,21.0,2023,8,21.58,11.31,34.63,2.57
Poland,Mazovia,52.0,21.0,2023,9,18.87,8.88,29.98,0.86
Poland,Mazovia,52.0,21.0,2023,10,10.79,0.08,25.84,2.48
Poland,Mazovia,52.0,21.0,2023,11,3.03,-10.37,16.08,2.4
Poland,Mazovia,52.0,21.0,2023,12,-0.02,-9.71,9.61,2.31
Poland,Mazovia,52.0,21.0,2024,1,-1.61,-14.04,6.52,2.4
Poland,Mazovia,52.0,21.0,2024,2,4.82,-2.3,13.23,2.18
Poland,Mazovia,52.0,21.0,2024,3,5.75,-3.37,22.43,1.19
Poland,Mazovia,52.0,21.0,2024,4,10.62,-0.4,25.97,1.47
Poland,Mazovia,52.0,21.0,2024,5,16.58,2.64,26.94,0.78
Poland,Mazovia,52.0,21.0,2024,6,19.46,7.54,32.39,2.57
Poland,Mazovia,52.0,21.0,2024,7,22.2,11.85,33.47,2.16
Poland,Mazovia,52.0,21.0,2024,8,21.64,12.08,33.62,2.44
Poland,Mazovia,52.0,21.0,2024,9,18.65,4.15,31.85,0.97
Poland,Mazovia,52.0,21.0,2024,10,9.7,-0.09,22.91,1.25
Poland,Mazovia,52.0,21.0,2024,11,2.47,-4.6,13.85,1.1
Poland,Mazovia,52.0,21.0,2024,12,1.01,-5.29,8.61,1.09
Poland,Mazovia,52.0,21.0,2025,1,0.43,-6.46,9.9,1.21
Poland,Mazovia,52.0,21.0,2025,2,-1.88,-11.36,7.89,0.52
Poland,Mazovia,52.0,21.0,2025,3,5.78,-5.45,19.33,1.15
Poland,Mazovia,52.0,21.0,2025,4,11.2,-4.23,26.76,1.07
Poland,Mazovia,52.0,21.0,2025,5,12.16,0.12,24.5,2.32
Poland,Mazovia,52.0,21.0,2025,6,18.66,6.18,29.29,2.57
Poland,Mazovia,52.0,21.0,2025,7,20.54,9.09,36.17,2.42
Poland,Mazovia,52.0,21.0,2025,8,20.24,8.93,32.98,0.6
Poland,Mazovia,52.0,21.0,2025,9,16.79,3.46,31.9,1.99
Poland,Mazovia,52.0,21.0,2025,10,8.26,-1.97,18.97,1.97
Poland,Mazovia,52.0,21.0,2025,11,3.01,-7.85,16.49,1.74
Poland,Mazovia,52.0,21.0,2025,12,0.69,-11.98,10.5,0.74
Portugal,Alentejo (Odemira),37.6,-8.6,2020,1,11.39,4.82,17.44,1.29
Portugal,Alentejo (Odemira),37.6,-8.6,2020,2,13.55,6.79,21.83,0.1
Portugal,Alentejo (Odemira),37.6,-8.6,2020,3,13.81,7.27,25.81,2.89
Portugal,Alentejo (Odemira),37.6,-8.6,2020,4,15.02,8.36,20.42,4.52
Portugal,Alentejo (Odemira),37.6,-8.6,2020,5,18.82,11.31,30.12,2.22
Portugal,Alentejo (Odemira),37.6,-8.6,2020,6,19.72,13.03,32.11,0.28
Portugal,Alentejo (Odemira),37.6,-8.6,2020,7,23.88,14.39,35.92,0.04
Portugal,Alentejo (Odemira),37.6,-8.6,2020,8,22.38,15.28,33.09,0.0
Portugal,Alentejo (Odemira),37.6,-8.6,2020,9,21.79,13.0,33.96,0.79
Portugal,Alentejo (Odemira),37.6,-8.6,2020,10,17.31,9.81,28.41,4.75
Portugal,Alentejo (Odemira),37.6,-8.6,2020,11,15.32,9.34,21.79,5.3
Portugal,Alentejo (Odemira),37.6,-8.6,2020,12,12.52,2.53,18.46,2.05
Portugal,Alentejo (Odemira),37.6,-8.6,2021,1,10.07,0.74,18.04,1.04
Portugal,Alentejo (Odemira),37.6,-8.6,2021,2,12.9,6.51,18.14,3.96
Portugal,Alentejo (Odemira),37.6,-8.6,2021,3,13.1,4.48,20.86,0.62
Portugal,Alentejo (Odemira),37.6,-8.6,2021,4,15.81,10.05,21.77,1.34
Portugal,Alentejo (Odemira),37.6,-8.6,2021,5,17.61,8.05,28.34,0.38
Portugal,Alentejo (Odemira),37.6,-8.6,2021,6,19.77,11.85,31.14,0.28
Portugal,Alentejo (Odemira),37.6,-8.6,2021,7,21.63,13.55,36.22,0.0
Portugal,Alentejo (Odemira),37.6,-8.6,2021,8,22.16,14.82,34.39,0.03
Portugal,Alentejo (Odemira),37.6,-8.6,2021,9,21.29,13.16,30.38,1.23
Portugal,Alentejo (Odemira),37.6,-8.6,2021,10,19.81,12.02,29.21,0.56
Portugal,Alentejo (Odemira),37.6,-8.6,2021,11,13.86,6.32,23.22,0.57
Portugal,Alentejo (Odemira),37.6,-8.6,2021,12,13.9,6.71,21.83,2.1
Portugal,Alentejo (Odemira),37.6,-8.6,2022,1,11.78,4.32,20.05,0.08
Portugal,Alentejo (Odemira),37.6,-8.6,2022,2,13.26,5.64,23.48,0.56
Portugal,Alentejo (Odemira),37.6,-8.6,2022,3,13.47,6.33,20.32,4.09
Portugal,Alentejo (Odemira),37.6,-8.6,2022,4,14.51,5.64,25.46,1.76
Portugal,Alentejo (Odemira),37.6,-8.6,2022,5,19.44,11.56,29.87,0.22
Portugal,Alentejo (Odemira),37.6,-8.6,2022,6,21.01,13.59,33.36,0.3
Portugal,Alentejo (Odemira),37.6,-8.6,2022,7,24.42,14.5,36.06,0.0
Portugal,Alentejo (Odemira),37.6,-8.6,2022,8,22.16,15.24,34.7,0.05
Portugal,Alentejo (Odemira),37.6,-8.6,2022,9,21.28,13.18,30.53,1.71
Portugal,Alentejo (Odemira),37.6,-8.6,2022,10,19.95,12.27,29.22,1.93
Portugal,Alentejo (Odemira),37.6,-8.6,2022,11,16.24,8.58,23.43,1.06
Portugal,Alentejo (Odemira),37.6,-8.6,2022,12,15.29,6.04,20.17,5.35
Portugal,Alentejo (Odemira),37.6,-8.6,2023,1,11.35,2.34,19.23,0.77
Portugal,Alentejo (Odemira),37.6,-8.6,2023,2,11.71,4.24,18.72,1.37
Portugal,Alentejo (Odemira),37.6,-8.6,2023,3,14.52,4.01,24.53,0.59
Portugal,Alentejo (Odemira),37.6,-8.6,2023,4,17.98,9.07,29.65,0.19
Portugal,Alentejo (Odemira),37.6,-8.6,2023,5,19.28,11.95,28.27,0.5
Portugal,Alentejo (Odemira),37.6,-8.6,2023,6,22.72,15.8,35.97,0.38
Portugal,Alentejo (Odemira),37.6,-8.6,2023,7,22.43,14.75,33.11,0.0
Portugal,Alentejo (Odemira),37.6,-8.6,2023,8,24.16,15.59,37.63,0.0
Portugal,Alentejo (Odemira),37.6,-8.6,2023,9,21.46,13.95,34.71,0.88
Portugal,Alentejo (Odemira),37.6,-8.6,2023,10,20.86,13.86,32.29,5.38
Portugal,Alentejo (Odemira),37.6,-8.6,2023,11,15.95,7.96,22.56,1.29
Portugal,Alentejo (Odemira),37.6,-8.6,2023,12,12.77,5.68,19.86,0.99
Portugal,Alentejo (Odemira),37.6,-8.6,2024,1,13.62,4.99,20.45,3.08
Portugal,Alentejo (Odemira),37.6,-8.6,2024,2,14.04,7.03,21.14,2.38
Portugal,Alentejo (Odemira),37.6,-8.6,2024,3,13.96,6.59,21.81,3.42
Portugal,Alentejo (Odemira),37.6,-8.6,2024,4,16.28,8.32,25.57,0.55
Portugal,Alentejo (Odemira),37.6,-8.6,2024,5,18.11,9.02,31.03,0.11
Portugal,Alentejo (Odemira),37.6,-8.6,2024,6,20.68,13.8,32.16,0.15
Portugal,Alentejo (Odemira),37.6,-8.6,2024,7,23.15,14.05,35.79,0.15
Portugal,Alentejo (Odemira),37.6,-8.6,2024,8,23.27,15.32,35.03,0.02
Portugal,Alentejo (Odemira),37.6,-8.6,2024,9,20.59,12.01,31.81,0.27
Portugal,Alentejo (Odemira),37.6,-8.6,2024,10,19.11,9.94,26.46,3.13
Portugal,Alentejo (Odemira),37.6,-8.6,2024,11,16.7,8.26,23.91,1.82
Portugal,Alentejo (Odemira),37.6,-8.6,2024,12,12.26,5.12,20.47,0.33
Portugal,Alentejo (Odemira),37.6,-8.6,2025,1,13.16,3.29,19.65,4.23
Portugal,Alentejo (Odemira),37.6,-8.6,2025,2,12.99,6.01,18.97,2.8
Portugal,Alentejo (Odemira),37.6,-8.6,2025,3,13.28,7.46,21.56,5.42
Portugal,Alentejo (Odemira),37.6,-8.6,2025,4,15.73,10.31,24.58,2.22
Portugal,Alentejo (Odemira),37.6,-8.6,2025,5,18.32,10.11,33.38,0.44
Portugal,Alentejo (Odemira),37.6,-8.6,2025,6,22.92,13.95,39.35,0.01
Portugal,Alentejo (Odemira),37.6,-8.6,2025,7,23.68,15.54,36.04,0.01
Portugal,Alentejo (Odemira),37.6,-8.6,2025,8,24.04,16.27,39.84,0.01
Portugal,Alentejo (Odemira),37.6,-8.6,2025,9,21.46,12.07,33.5,0.15
Portugal,Alentejo (Odemira),37.6,-8.6,2025,10,20.46,14.61,29.61,1.31
Portugal,Alentejo (Odemira),37.6,-8.6,2025,11,14.94,5.65,23.51,4.85
Portugal,Alentejo (Odemira),37.6,-8.6,2025,12,12.08,5.29,18.33,5.69
South Africa,Western Cape,-33.6,19.0,2020,1,23.02,11.71,37.59,1.59
South Africa,Western Cape,-33.6,19.0,2020,2,23.96,15.55,38.7,0.2
South Africa,Western Cape,-33.6,19.0,2020,3,21.85,11.12,39.45,0.14
South Africa,Western Cape,-33.6,19.0,2020,4,18.07,9.6,34.39,1.68
South Africa,Western Cape,-33.6,19.0,2020,5,16.08,8.06,31.07,2.28
South Africa,Western Cape,-33.6,19.0,2020,6,13.09,4.78,25.26,5.2
South Africa,Western Cape,-33.6,19.0,2020,7,11.64,2.58,22.04,7.04
South Africa,Western Cape,-33.6,19.0,2020,8,10.6,2.28,23.04,7.49
South Africa,Western Cape,-33.6,19.0,2020,9,12.92,5.21,27.3,2.69
South Africa,Western Cape,-33.6,19.0,2020,10,15.39,6.03,28.43,1.39
South Africa,Western Cape,-33.6,19.0,2020,11,17.84,6.71,32.42,1.81
South Africa,Western Cape,-33.6,19.0,2020,12,20.77,10.21,36.25,0.29
South Africa,Western Cape,-33.6,19.0,2021,1,23.49,12.96,37.55,1.17
South Africa,Western Cape,-33.6,19.0,2021,2,22.17,11.44,39.91,0.22
South Africa,Western Cape,-33.6,19.0,2021,3,20.38,11.63,36.61,1.88
South Africa,Western Cape,-33.6,19.0,2021,4,20.09,9.31,34.34,0.37
South Africa,Western Cape,-33.6,19.0,2021,5,14.72,5.29,31.4,7.09
South Africa,Western Cape,-33.6,19.0,2021,6,13.37,6.63,23.91,6.39
South Africa,Western Cape,-33.6,19.0,2021,7,10.1,1.13,20.72,5.98
South Africa,Western Cape,-33.6,19.0,2021,8,10.74,2.82,21.46,5.25
South Africa,Western Cape,-33.6,19.0,2021,9,12.67,3.3,28.34,0.69
South Africa,Western Cape,-33.6,19.0,2021,10,15.95,5.59,32.4,2.48
South Africa,Western Cape,-33.6,19.0,2021,11,17.51,8.34,31.41,1.96
South Africa,Western Cape,-33.6,19.0,2021,12,20.56,10.22,35.52,1.46
South Africa,Western Cape,-33.6,19.0,2022,1,24.5,12.03,41.43,0.16
South Africa,Western Cape,-33.6,19.0,2022,2,24.06,13.71,38.36,0.22
South Africa,Western Cape,-33.6,19.0,2022,3,22.36,11.04,35.87,0.71
South Africa,Western Cape,-33.6,19.0,2022,4,17.5,8.71,32.9,0.53
South Africa,Western Cape,-33.6,19.0,2022,5,15.19,4.82,31.85,1.97
South Africa,Western Cape,-33.6,19.0,2022,6,13.56,4.71,27.19,6.42
South Africa,Western Cape,-33.6,19.0,2022,7,11.33,3.7,22.25,1.8
South Africa,Western Cape,-33.6,19.0,2022,8,11.53,2.8,25.31,3.47
South Africa,Western Cape,-33.6,19.0,2022,9,13.1,5.11,26.36,1.74
South Africa,Western Cape,-33.6,19.0,2022,10,17.68,8.09,30.7,0.59
South Africa,Western Cape,-33.6,19.0,2022,11,19.57,9.21,35.08,0.39
South Africa,Western Cape,-33.6,19.0,2022,12,21.52,10.99,36.58,1.68
South Africa,Western Cape,-33.6,19.0,2023,1,23.16,11.54,38.0,0.26
South Africa,Western Cape,-33.6,19.0,2023,2,23.39,11.46,37.69,1.32
South Africa,Western Cape,-33.6,19.0,2023,3,19.99,10.48,35.29,3.61
South Africa,Western Cape,-33.6,19.0,2023,4,16.44,7.82,33.13,2.76
South Africa,Western Cape,-33.6,19.0,2023,5,13.03,4.03,25.4,4.86
South Africa,Western Cape,-33.6,19.0,2023,6,11.74,5.4,20.51,10.84
South Africa,Western Cape,-33.6,19.0,2023,7,10.42,2.41,20.53,4.01
South Africa,Western Cape,-33.6,19.0,2023,8,12.16,2.83,27.38,3.77
South Africa,Western Cape,-33.6,19.0,2023,9,11.66,3.55,26.84,7.63
South Africa,Western Cape,-33.6,19.0,2023,10,16.65,5.88,29.35,0.72
South Africa,Western Cape,-33.6,19.0,2023,11,18.88,9.0,36.37,0.34
South Africa,Western Cape,-33.6,19.0,2023,12,21.36,11.6,36.36,0.61
South Africa,Western Cape,-33.6,19.0,2024,1,24.5,13.97,38.8,0.14
South Africa,Western Cape,-33.6,19.0,2024,2,23.24,12.05,41.33,0.44
South Africa,Western Cape,-33.6,19.0,2024,3,22.01,11.83,37.35,0.54
South Africa,Western Cape,-33.6,19.0,2024,4,18.46,10.4,32.55,1.98
South Africa,Western Cape,-33.6,19.0,2024,5,15.82,7.1,30.59,1.55
South Africa,Western Cape,-33.6,19.0,2024,6,13.48,5.18,25.26,3.67
South Africa,Western Cape,-33.6,19.0,2024,7,10.26,1.44,18.52,18.34
South Africa,Western Cape,-33.6,19.0,2024,8,10.46,2.36,19.4,6.95
South Africa,Western Cape,-33.6,19.0,2024,9,12.2,4.62,28.56,2.44
South Africa,Western Cape,-33.6,19.0,2024,10,17.03,4.64,32.95,1.48
South Africa,Western Cape,-33.6,19.0,2024,11,18.76,6.59,31.19,0.48
South Africa,Western Cape,-33.6,19.0,2024,12,20.9,10.71,39.32,0.33
South Africa,Western Cape,-33.6,19.0,2025,1,22.44,11.85,38.93,0.37
South Africa,Western Cape,-33.6,19.0,2025,2,23.13,13.62,37.84,0.73
South Africa,Western Cape,-33.6,19.0,2025,3,22.69,12.41,37.52,0.91
South Africa,Western Cape,-33.6,19.0,2025,4,19.69,10.39,35.07,1.37
South Africa,Western Cape,-33.6,19.0,2025,5,15.57,7.22,29.27,2.99
South Africa,Western Cape,-33.6,19.0,2025,6,11.66,4.31,22.1,6.64
South Africa,Western Cape,-33.6,19.0,2025,7,10.57,1.56,23.04,4.48
South Africa,Western Cape,-33.6,19.0,2025,8,11.2,3.62,20.36,2.65
South Africa,Western Cape,-33.6,19.0,2025,9,14.38,6.08,28.2,0.99
South Africa,Western Cape,-33.6,19.0,2025,10,16.56,6.76,34.07,0.5
South Africa,Western Cape,-33.6,19.0,2025,11,22.49,8.0,36.18,0.16
South Africa,Western Cape,-33.6,19.0,2025,12,23.39,12.18,37.0,0.17
Spain,Huelva,37.25,-6.95,2020,1,9.84,1.47,18.14,1.84
Spain,Huelva,37.25,-6.95,2020,2,13.02,5.2,23.47,0.02
Spain,Huelva,37.25,-6.95,2020,3,13.56,4.72,27.3,2.67
Spain,Huelva,37.25,-6.95,2020,4,15.42,5.92,23.09,2.85
Spain,Huelva,37.25,-6.95,2020,5,21.02,9.7,35.17,1.92
Spain,Huelva,37.25,-6.95,2020,6,23.48,10.87,39.43,0.1
Spain,Huelva,37.25,-6.95,2020,7,29.96,15.96,41.96,0.06
Spain,Huelva,37.25,-6.95,2020,8,27.98,14.92,41.74,0.01
Spain,Huelva,37.25,-6.95,2020,9,24.24,12.17,38.46,0.52
Spain,Huelva,37.25,-6.95,2020,10,18.09,7.18,33.59,2.48
Spain,Huelva,37.25,-6.95,2020,11,14.91,7.04,27.32,4.72
Spain,Huelva,37.25,-6.95,2020,12,10.51,-0.5,20.41,1.11
Spain,Huelva,37.25,-6.95,2021,1,8.43,-3.17,20.61,1.37
Spain,Huelva,37.25,-6.95,2021,2,11.83,5.15,20.49,2.68
Spain,Huelva,37.25,-6.95,2021,3,13.4,2.51,24.83,0.64
Spain,Huelva,37.25,-6.95,2021,4,16.65,9.57,26.3,1.19
Spain,Huelva,37.25,-6.95,2021,5,20.3,6.45,34.1,0.31
Spain,Huelva,37.25,-6.95,2021,6,24.37,12.58,38.22,0.18
Spain,Huelva,37.25,-6.95,2021,7,27.87,15.01,41.83,0.0
Spain,Huelva,37.25,-6.95,2021,8,28.05,14.21,43.59,0.01
Spain,Huelva,37.25,-6.95,2021,9,24.11,13.33,35.51,0.87
Spain,Huelva,37.25,-6.95,2021,10,21.18,10.65,33.16,0.52
Spain,Huelva,37.25,-6.95,2021,11,12.45,2.0,25.38,0.66
Spain,Huelva,37.25,-6.95,2021,12,12.14,2.65,22.21,2.28
Spain,Huelva,37.25,-6.95,2022,1,10.2,1.89,22.51,0.1
Spain,Huelva,37.25,-6.95,2022,2,12.75,4.05,24.94,0.41
Spain,Huelva,37.25,-6.95,2022,3,12.99,4.29,21.64,3.96
Spain,Huelva,37.25,-6.95,2022,4,15.03,5.02,29.05,1.74
Spain,Huelva,37.25,-6.95,2022,5,21.82,9.41,34.84,0.23
Spain,Huelva,37.25,-6.95,2022,6,25.26,12.69,40.84,0.15
Spain,Huelva,37.25,-6.95,2022,7,30.39,16.41,43.48,0.0
Spain,Huelva,37.25,-6.95,2022,8,27.77,16.86,40.25,0.09
Spain,Huelva,37.25,-6.95,2022,9,23.9,12.32,36.96,0.94
Spain,Huelva,37.25,-6.95,2022,10,21.48,13.73,34.02,1.26
Spain,Huelva,37.25,-6.95,2022,11,15.37,5.01,25.71,0.79
Spain,Huelva,37.25,-6.95,2022,12,13.37,4.66,20.82,5.3
Spain,Huelva,37.25,-6.95,2023,1,9.35,-0.47,18.94,0.62
Spain,Huelva,37.25,-6.95,2023,2,10.56,0.92,19.93,0.99
Spain,Huelva,37.25,-6.95,2023,3,14.86,-0.36,27.82,0.43
Spain,Huelva,37.25,-6.95,2023,4,19.91,6.56,36.43,0.11
Spain,Huelva,37.25,-6.95,2023,5,21.74,12.09,35.38,0.79
Spain,Huelva,37.25,-6.95,2023,6,26.46,15.06,42.73,0.75
Spain,Huelva,37.25,-6.95,2023,7,29.48,16.5,41.27,0.0
Spain,Huelva,37.25,-6.95,2023,8,30.13,16.31,44.57,0.0
Spain,Huelva,37.25,-6.95,2023,9,23.1,13.22,37.17,1.02
Spain,Huelva,37.25,-6.95,2023,10,21.1,9.92,36.9,4.1
Spain,Huelva,37.25,-6.95,2023,11,14.56,4.45,26.49,0.77
Spain,Huelva,37.25,-6.95,2023,12,10.33,1.03,20.41,0.89
Spain,Huelva,37.25,-6.95,2024,1,11.48,1.18,22.62,2.03
Spain,Huelva,37.25,-6.95,2024,2,12.52,2.94,22.86,2.04
Spain,Huelva,37.25,-6.95,2024,3,13.58,3.13,25.6,4.41
Spain,Huelva,37.25,-6.95,2024,4,16.67,5.65,30.17,0.37
Spain,Huelva,37.25,-6.95,2024,5,20.52,5.6,39.52,0.1
Spain,Huelva,37.25,-6.95,2024,6,24.52,14.14,38.09,0.25
Spain,Huelva,37.25,-6.95,2024,7,29.08,14.22,43.18,0.1
Spain,Huelva,37.25,-6.95,2024,8,29.39,19.21,41.56,0.02
Spain,Huelva,37.25,-6.95,2024,9,23.92,12.6,36.53,0.1
Spain,Huelva,37.25,-6.95,2024,10,19.31,7.49,32.28,4.3
Spain,Huelva,37.25,-6.95,2024,11,15.08,5.15,23.84,2.75
Spain,Huelva,37.25,-6.95,2024,12,10.0,1.24,21.3,0.27
Spain,Huelva,37.25,-6.95,2025,1,10.9,0.06,19.82,3.47
Spain,Huelva,37.25,-6.95,2025,2,11.34,3.05,20.54,1.59
Spain,Huelva,37.25,-6.95,2025,3,12.44,3.49,24.04,6.46
Spain,Huelva,37.25,-6.95,2025,4,15.46,5.25,26.7,2.27
Spain,Huelva,37.25,-6.95,2025,5,19.83,8.43,37.03,0.3
Spain,Huelva,37.25,-6.95,2025,6,27.16,13.57,43.56,0.06
Spain,Huelva,37.25,-6.95,2025,7,28.84,15.93,42.67,0.01
Spain,Huelva,37.25,-6.95,2025,8,28.83,16.29,44.06,0.0
Spain,Huelva,37.25,-6.95,2025,9,25.11,12.91,38.88,0.04
Spain,Huelva,37.25,-6.95,2025,10,22.1,12.66,33.89,1.66
Spain,Huelva,37.25,-6.95,2025,11,13.31,3.15,24.62,3.27
Spain,Huelva,37.25,-6.95,2025,12,10.03,2.41,19.65,4.15
USA,Georgia,31.5,-82.3,2020,1,11.85,-3.83,25.5,1.88
USA,Georgia,31.5,-82.3,2020,2,12.31,-4.11,26.3,4.41
USA,Georgia,31.5,-82.3,2020,3,18.32,1.14,29.76,3.41
USA,Georgia,31.5,-82.3,2020,4,19.24,6.7,28.92,5.45
USA,Georgia,31.5,-82.3,2020,5,22.1,8.37,32.24,2.33
USA,Georgia,31.5,-82.3,2020,6,26.31,15.3,35.88,3.72
USA,Georgia,31.5,-82.3,2020,7,28.87,21.88,38.37,3.22
USA,Georgia,31.5,-82.3,2020,8,28.01,21.59,37.63,4.73
USA,Georgia,31.5,-82.3,2020,9,24.83,10.74,37.16,4.1
USA,Georgia,31.5,-82.3,2020,10,22.52,10.29,32.65,1.36
USA,Georgia,31.5,-82.3,2020,11,18.15,4.07,29.7,2.06
USA,Georgia,31.5,-82.3,2020,12,9.76,-5.06,24.31,1.91
USA,Georgia,31.5,-82.3,2021,1,10.31,-1.98,25.24,3.9
USA,Georgia,31.5,-82.3,2021,2,11.77,-2.64,26.47,4.2
USA,Georgia,31.5,-82.3,2021,3,16.27,2.33,29.71,3.32
USA,Georgia,31.5,-82.3,2021,4,17.99,1.77,29.45,3.55
USA,Georgia,31.5,-82.3,2021,5,23.12,8.9,35.92,0.77
USA,Georgia,31.5,-82.3,2021,6,26.63,16.43,36.03,4.54
USA,Georgia,31.5,-82.3,2021,7,26.83,19.57,34.49,6.18
USA,Georgia,31.5,-82.3,2021,8,26.75,21.25,33.07,5.63
USA,Georgia,31.5,-82.3,2021,9,24.28,12.61,32.59,4.93
USA,Georgia,31.5,-82.3,2021,10,20.67,8.73,30.27,2.86
USA,Georgia,31.5,-82.3,2021,11,12.54,0.42,24.57,1.47
USA,Georgia,31.5,-82.3,2021,12,15.07,0.67,26.65,1.76
USA,Georgia,31.5,-82.3,2022,1,9.05,-4.68,26.92,2.44
USA,Georgia,31.5,-82.3,2022,2,13.01,-1.25,28.3,1.33
USA,Georgia,31.5,-82.3,2022,3,16.95,-3.12,28.8,3.2
USA,Georgia,31.5,-82.3,2022,4,20.17,4.51,31.77,1.26
USA,Georgia,31.5,-82.3,2022,5,25.31,12.14,36.53,2.06
USA,Georgia,31.5,-82.3,2022,6,29.07,20.4,41.55,2.83
USA,Georgia,31.5,-82.3,2022,7,28.17,22.62,36.74,4.58
USA,Georgia,31.5,-82.3,2022,8,27.48,20.2,35.81,4.39
USA,Georgia,31.5,-82.3,2022,9,24.45,14.92,34.61,3.03
USA,Georgia,31.5,-82.3,2022,10,19.57,3.46,31.65,1.18
USA,Georgia,31.5,-82.3,2022,11,16.64,-0.05,29.62,2.58
USA,Georgia,31.5,-82.3,2022,12,11.3,-7.55,27.31,0.82
USA,Georgia,31.5,-82.3,2023,1,12.47,-3.54,26.31,3.74
USA,Georgia,31.5,-82.3,2023,2,15.57,0.44,27.52,3.06
USA,Georgia,31.5,-82.3,2023,3,16.75,-0.11,29.07,2.36
USA,Georgia,31.5,-82.3,2023,4,20.52,7.24,32.51,3.72
USA,Georgia,31.5,-82.3,2023,5,22.7,9.54,33.43,3.18
USA,Georgia,31.5,-82.3,2023,6,26.39,16.27,34.95,4.92
USA,Georgia,31.5,-82.3,2023,7,28.91,22.0,38.33,3.68
USA,Georgia,31.5,-82.3,2023,8,29.5,21.98,38.46,6.9
USA,Georgia,31.5,-82.3,2023,9,24.47,14.77,33.28,3.56
USA,Georgia,31.5,-82.3,2023,10,19.83,7.22,30.19,1.41
USA,Georgia,31.5,-82.3,2023,11,15.16,-1.6,28.62,0.91
USA,Georgia,31.5,-82.3,2023,12,11.36,-1.51,26.12,3.4
USA,Georgia,31.5,-82.3,2024,1,9.63,-6.65,25.02,1.96
USA,Georgia,31.5,-82.3,2024,2,11.89,0.96,25.52,2.69
USA,Georgia,31.5,-82.3,2024,3,16.45,2.34,26.13,4.27
USA,Georgia,31.5,-82.3,2024,4,19.47,6.29,30.11,3.8
USA,Georgia,31.5,-82.3,2024,5,24.71,14.77,33.97,5.11
USA,Georgia,31.5,-82.3,2024,6,28.99,18.21,39.75,1.37
USA,Georgia,31.5,-82.3,2024,7,28.9,22.66,37.41,7.14
USA,Georgia,31.5,-82.3,2024,8,27.07,19.8,33.81,6.06
USA,Georgia,31.5,-82.3,2024,9,25.16,17.31,34.25,4.85
USA,Georgia,31.5,-82.3,2024,10,20.6,5.53,31.8,0.57
USA,Georgia,31.5,-82.3,2024,11,18.14,-0.4,31.11,2.77
USA,Georgia,31.5,-82.3,2024,12,11.22,-2.62,25.76,1.31
USA,Georgia,31.5,-82.3,2025,1,6.31,-7.88,24.66,1.79
USA,Georgia,31.5,-82.3,2025,2,14.11,-3.69,26.91,1.84
USA,Georgia,31.5,-82.3,2025,3,15.52,3.46,27.13,4.99
USA,Georgia,31.5,-82.3,2025,4,21.45,6.58,32.25,1.62
USA,Georgia,31.5,-82.3,2025,5,25.12,13.84,34.62,4.15
USA,Georgia,31.5,-82.3,2025,6,27.18,18.04,35.59,5.61
USA,Georgia,31.5,-82.3,2025,7,29.29,21.63,39.24,3.47
USA,Georgia,31.5,-82.3,2025,8,26.76,18.86,35.38,6.73
USA,Georgia,31.5,-82.3,2025,9,25.58,16.43,36.63,0.38
USA,Georgia,31.5,-82.3,2025,10,20.68,6.21,32.5,0.89
USA,Georgia,31.5,-82.3,2025,11,16.3,-1.4,29.51,0.42
USA,Georgia,31.5,-82.3,2025,12,11.29,-4.43,26.0,2.14
USA,Michigan,42.3,-86.2,2020,1,-0.2,-7.72,6.85,2.74
USA,Michigan,42.3,-86.2,2020,2,-1.23,-10.09,6.59,0.9
USA,Michigan,42.3,-86.2,2020,3,3.02,-4.54,13.13,2.75
USA,Michigan,42.3,-86.2,2020,4,5.82,-1.3,16.68,3.06
USA,Michigan,42.3,-86.2,2020,5,11.77,-0.48,24.75,4.46
USA,Michigan,42.3,-86.2,2020,6,18.98,8.13,27.42,2.47
USA,Michigan,42.3,-86.2,2020,7,23.82,17.04,29.74,2.77
USA,Michigan,42.3,-86.2,2020,8,22.81,14.93,28.84,2.26
USA,Michigan,42.3,-86.2,2020,9,17.9,8.03,27.49,2.37
USA,Michigan,42.3,-86.2,2020,10,10.78,0.86,22.91,3.15
USA,Michigan,42.3,-86.2,2020,11,7.38,-0.16,19.73,1.48
USA,Michigan,42.3,-86.2,2020,12,1.28,-5.29,9.43,1.97
USA,Michigan,42.3,-86.2,2021,1,-0.96,-6.83,3.99,1.23
USA,Michigan,42.3,-86.2,2021,2,-4.49,-12.52,8.42,1.01
USA,Michigan,42.3,-86.2,2021,3,3.63,-4.93,15.43,1.16
USA,Michigan,42.3,-86.2,2021,4,7.24,-2.96,19.48,1.28
USA,Michigan,42.3,-86.2,2021,5,12.43,2.18,25.06,1.33
USA,Michigan,42.3,-86.2,2021,6,20.14,9.8,26.89,6.65
USA,Michigan,42.3,-86.2,2021,7,21.42,14.47,28.5,2.04
USA,Michigan,42.3,-86.2,2021,8,24.01,16.55,29.9,2.74
USA,Michigan,42.3,-86.2,2021,9,19.88,9.96,28.16,2.32
USA,Michigan,42.3,-86.2,2021,10,15.28,4.31,24.56,4.5
USA,Michigan,42.3,-86.2,2021,11,5.88,-1.28,15.46,1.57
USA,Michigan,42.3,-86.2,2021,12,2.98,-5.09,13.49,1.97
USA,Michigan,42.3,-86.2,2022,1,-3.92,-10.34,4.0,0.89
USA,Michigan,42.3,-86.2,2022,2,-2.5,-13.16,6.92,2.67
USA,Michigan,42.3,-86.2,2022,3,1.97,-8.22,14.3,2.71
USA,Michigan,42.3,-86.2,2022,4,5.69,-1.67,19.03,3.63
USA,Michigan,42.3,-86.2,2022,5,13.32,4.15,24.78,2.81
USA,Michigan,42.3,-86.2,2022,6,18.71,10.07,27.71,1.83
USA,Michigan,42.3,-86.2,2022,7,22.5,14.88,28.23,3.78
USA,Michigan,42.3,-86.2,2022,8,22.29,15.36,29.66,3.07
USA,Michigan,42.3,-86.2,2022,9,18.99,7.55,27.06,2.14
USA,Michigan,42.3,-86.2,2022,10,11.83,4.6,21.34,3.45
USA,Michigan,42.3,-86.2,2022,11,6.19,-4.23,18.78,1.63
USA,Michigan,42.3,-86.2,2022,12,0.06,-14.63,9.37,1.33
USA,Michigan,42.3,-86.2,2023,1,0.46,-10.52,7.33,2.1
USA,Michigan,42.3,-86.2,2023,2,0.35,-9.82,8.69,3.4
USA,Michigan,42.3,-86.2,2023,3,2.01,-6.73,12.94,4.13
USA,Michigan,42.3,-86.2,2023,4,7.52,-1.94,21.3,2.42
USA,Michigan,42.3,-86.2,2023,5,12.97,2.6,26.51,1.0
USA,Michigan,42.3,-86.2,2023,6,18.3,10.23,27.21,1.25
USA,Michigan,42.3,-86.2,2023,7,21.93,15.08,29.24,4.96
USA,Michigan,42.3,-86.2,2023,8,21.34,12.29,29.39,2.47
USA,Michigan,42.3,-86.2,2023,9,19.04,11.73,29.61,2.07
USA,Michigan,42.3,-86.2,2023,10,12.87,2.34,27.04,4.5
USA,Michigan,42.3,-86.2,2023,11,6.35,-3.63,15.97,1.14
USA,Michigan,42.3,-86.2,2023,12,4.14,-1.12,11.11,2.05
USA,Michigan,42.3,-86.2,2024,1,-1.43,-11.96,4.07,3.17
USA,Michigan,42.3,-86.2,2024,2,1.95,-6.63,15.02,0.67
USA,Michigan,42.3,-86.2,2024,3,4.23,-3.19,16.55,3.0
USA,Michigan,42.3,-86.2,2024,4,8.72,0.27,18.26,2.87
USA,Michigan,42.3,-86.2,2024,5,15.01,7.66,23.85,3.19
USA,Michigan,42.3,-86.2,2024,6,19.98,9.57,29.04,3.59
USA,Michigan,42.3,-86.2,2024,7,21.93,12.21,27.84,3.64
USA,Michigan,42.3,-86.2,2024,8,22.4,14.14,30.52,2.84
USA,Michigan,42.3,-86.2,2024,9,20.33,12.64,29.43,1.95
USA,Michigan,42.3,-86.2,2024,10,14.62,5.6,24.02,1.24
USA,Michigan,42.3,-86.2,2024,11,8.3,-2.27,19.94,2.72
USA,Michigan,42.3,-86.2,2024,12,1.61,-8.51,9.26,2.32
USA,Michigan,42.3,-86.2,2025,1,-2.91,-14.88,6.49,1.26
USA,Michigan,42.3,-86.2,2025,2,-2.46,-10.84,7.9,0.77
USA,Michigan,42.3,-86.2,2025,3,3.86,-5.31,15.86,2.95
USA,Michigan,42.3,-86.2,2025,4,7.22,-2.59,19.66,2.37
USA,Michigan,42.3,-86.2,2025,5,11.32,2.1,21.74,2.58
USA,Michigan,42.3,-86.2,2025,6,20.14,6.9,29.43,3.06
USA,Michigan,42.3,-86.2,2025,7,24.0,16.25,30.97,1.94
USA,Michigan,42.3,-86.2,2025,8,22.37,11.77,31.32,2.2
USA,Michigan,42.3,-86.2,2025,9,19.58,11.28,28.98,2.32
USA,Michigan,42.3,-86.2,2025,10,13.83,4.28,26.32,3.31
USA,Michigan,42.3,-86.2,2025,11,6.0,-1.67,14.71,1.86
USA,Michigan,42.3,-86.2,2025,12,-0.88,-9.92,10.06,2.58
USA,Oregon (Willamette),44.5,-123.2,2020,1,5.85,-2.72,13.51,10.83
USA,Oregon (Willamette),44.5,-123.2,2020,2,4.93,-3.27,14.74,3.66
USA,Oregon (Willamette),44.5,-123.2,2020,3,5.9,-1.98,16.13,3.95
USA,Oregon (Willamette),44.5,-123.2,2020,4,9.75,-1.0,20.18,2.3
USA,Oregon (Willamette),44.5,-123.2,2020,5,12.7,3.98,27.77,4.33
USA,Oregon (Willamette),44.5,-123.2,2020,6,14.49,6.03,27.37,2.52
USA,Oregon (Willamette),44.5,-123.2,2020,7,17.1,8.33,29.41,0.04
USA,Oregon (Willamette),44.5,-123.2,2020,8,17.66,7.65,32.23,0.09
USA,Oregon (Willamette),44.5,-123.2,2020,9,17.29,9.25,33.94,2.42
USA,Oregon (Willamette),44.5,-123.2,2020,10,11.74,-2.61,25.89,2.24
USA,Oregon (Willamette),44.5,-123.2,2020,11,6.43,-2.91,20.81,7.75
USA,Oregon (Willamette),44.5,-123.2,2020,12,5.21,-3.15,13.78,7.04
USA,Oregon (Willamette),44.5,-123.2,2021,1,5.38,-1.47,14.87,8.2
USA,Oregon (Willamette),44.5,-123.2,2021,2,4.67,-1.55,12.31,7.11
USA,Oregon (Willamette),44.5,-123.2,2021,3,5.79,-1.59,19.14,2.46
USA,Oregon (Willamette),44.5,-123.2,2021,4,9.44,-2.72,24.41,0.89
USA,Oregon (Willamette),44.5,-123.2,2021,5,12.0,3.78,22.48,1.05
USA,Oregon (Willamette),44.5,-123.2,2021,6,16.95,5.24,36.49,1.61
USA,Oregon (Willamette),44.5,-123.2,2021,7,18.66,8.33,33.51,0.06
USA,Oregon (Willamette),44.5,-123.2,2021,8,18.88,7.39,34.71,0.05
USA,Oregon (Willamette),44.5,-123.2,2021,9,16.43,5.8,32.46,2.85
USA,Oregon (Willamette),44.5,-123.2,2021,10,10.47,1.23,21.27,4.09
USA,Oregon (Willamette),44.5,-123.2,2021,11,8.51,-1.21,19.04,6.86
USA,Oregon (Willamette),44.5,-123.2,2021,12,3.65,-3.74,17.24,9.97
USA,Oregon (Willamette),44.5,-123.2,2022,1,5.29,-4.02,13.78,5.12
USA,Oregon (Willamette),44.5,-123.2,2022,2,5.22,-5.46,18.82,3.06
USA,Oregon (Willamette),44.5,-123.2,2022,3,7.6,-3.51,20.35,3.72
USA,Oregon (Willamette),44.5,-123.2,2022,4,7.26,-0.92,23.6,6.06
USA,Oregon (Willamette),44.5,-123.2,2022,5,10.58,1.28,20.97,5.6
USA,Oregon (Willamette),44.5,-123.2,2022,6,14.84,6.41,31.55,3.43
USA,Oregon (Willamette),44.5,-123.2,2022,7,18.4,8.36,31.3,0.23
USA,Oregon (Willamette),44.5,-123.2,2022,8,19.02,9.79,30.18,0.09
USA,Oregon (Willamette),44.5,-123.2,2022,9,16.83,7.62,32.01,0.29
USA,Oregon (Willamette),44.5,-123.2,2022,10,13.87,2.68,30.27,1.87
USA,Oregon (Willamette),44.5,-123.2,2022,11,4.69,-3.16,13.65,5.93
USA,Oregon (Willamette),44.5,-123.2,2022,12,4.24,-3.88,15.32,6.29
USA,Oregon (Willamette),44.5,-123.2,2023,1,4.52,-5.53,12.79,4.06
USA,Oregon (Willamette),44.5,-123.2,2023,2,3.4,-5.28,12.95,4.3
USA,Oregon (Willamette),44.5,-123.2,2023,3,4.29,-2.89,15.78,6.59
USA,Oregon (Willamette),44.5,-123.2,2023,4,7.86,0.19,26.86,6.13
USA,Oregon (Willamette),44.5,-123.2,2023,5,13.92,4.58,30.43,0.64
USA,Oregon (Willamette),44.5,-123.2,2023,6,15.15,5.79,26.98,0.4
USA,Oregon (Willamette),44.5,-123.2,2023,7,18.47,8.86,30.42,0.04
USA,Oregon (Willamette),44.5,-123.2,2023,8,20.11,9.94,38.16,0.51
USA,Oregon (Willamette),44.5,-123.2,2023,9,16.28,7.26,32.15,2.31
USA,Oregon (Willamette),44.5,-123.2,2023,10,12.08,-2.54,30.73,3.63
USA,Oregon (Willamette),44.5,-123.2,2023,11,7.35,-3.97,17.89,5.72
USA,Oregon (Willamette),44.5,-123.2,2023,12,7.41,-0.76,15.71,9.41
USA,Oregon (Willamette),44.5,-123.2,2024,1,6.47,-3.85,16.74,12.65
USA,Oregon (Willamette),44.5,-123.2,2024,2,6.31,-1.15,16.39,6.88
USA,Oregon (Willamette),44.5,-123.2,2024,3,6.95,-2.5,20.66,5.75
USA,Oregon (Willamette),44.5,-123.2,2024,4,8.92,-0.52,20.17,3.1
USA,Oregon (Willamette),44.5,-123.2,2024,5,11.61,2.55,29.48,3.43
USA,Oregon (Willamette),44.5,-123.2,2024,6,14.94,5.73,25.92,1.92
USA,Oregon (Willamette),44.5,-123.2,2024,7,18.98,8.18,34.34,0.18
USA,Oregon (Willamette),44.5,-123.2,2024,8,18.08,7.5,31.12,0.66
USA,Oregon (Willamette),44.5,-123.2,2024,9,16.67,5.48,35.1,1.13
USA,Oregon (Willamette),44.5,-123.2,2024,10,12.19,3.33,28.44,3.97
USA,Oregon (Willamette),44.5,-123.2,2024,11,6.72,-1.74,16.67,10.55
USA,Oregon (Willamette),44.5,-123.2,2024,12,6.22,-2.39,13.42,9.72
USA,Oregon (Willamette),44.5,-123.2,2025,1,3.56,-3.14,12.55,4.25
USA,Oregon (Willamette),44.5,-123.2,2025,2,4.88,-4.52,16.74,7.44
USA,Oregon (Willamette),44.5,-123.2,2025,3,7.51,0.91,21.48,8.35
USA,Oregon (Willamette),44.5,-123.2,2025,4,9.84,0.97,22.23,2.07
USA,Oregon (Willamette),44.5,-123.2,2025,5,12.0,1.91,24.99,1.4
USA,Oregon (Willamette),44.5,-123.2,2025,6,15.3,6.4,29.38,1.04
USA,Oregon (Willamette),44.5,-123.2,2025,7,18.47,8.74,29.99,0.01
USA,Oregon (Willamette),44.5,-123.2,2025,8,19.9,9.64,36.46,0.41
USA,Oregon (Willamette),44.5,-123.2,2025,9,17.2,7.6,32.3,1.62
USA,Oregon (Willamette),44.5,-123.2,2025,10,10.52,2.32,26.59,4.42
USA,Oregon (Willamette),44.5,-123.2,2025,11,8.47,0.78,17.6,5.57
USA,Oregon (Willamette),44.5,-123.2,2025,12,6.89,-0.1,14.77,10.01
